n_samples	n_markers	replicate	ld_seconds	render_seconds	svg_bytes	ld_object_bytes	rendering	R_version	package_version	peak_rss_kb	wall_clock
281	100	1	0.01	0.294	1978031	478856	vector	R version 4.3.3 (2024-02-29)	0.0.1	81652	0:00.61
281	100	2	0.01	0.295	1978031	478856	vector	R version 4.3.3 (2024-02-29)	0.0.1	81524	0:00.56
281	100	3	0.011	0.273	1978031	478856	vector	R version 4.3.3 (2024-02-29)	0.0.1	81652	0:00.56
281	250	1	0.052	1.557	11311652	1725656	vector	R version 4.3.3 (2024-02-29)	0.0.1	144748	0:01.93
281	250	2	0.058	1.232	11311652	1725656	vector	R version 4.3.3 (2024-02-29)	0.0.1	144828	0:01.54
281	250	3	0.05	1.362	11311652	1725656	vector	R version 4.3.3 (2024-02-29)	0.0.1	144828	0:01.67
281	500	1	0.224	0.161	647067	5403656	raster	R version 4.3.3 (2024-02-29)	0.0.1	136484	0:00.68
281	500	2	0.19	0.15	647067	5403656	raster	R version 4.3.3 (2024-02-29)	0.0.1	136408	0:00.60
281	500	3	0.208	0.162	647067	5403656	raster	R version 4.3.3 (2024-02-29)	0.0.1	136328	0:00.62
281	1000	1	0.871	0.266	1138302	18759656	raster	R version 4.3.3 (2024-02-29)	0.0.1	151356	0:01.40
281	1000	2	0.842	0.258	1138302	18759656	raster	R version 4.3.3 (2024-02-29)	0.0.1	151260	0:01.38
281	1000	3	0.876	0.263	1138302	18759656	raster	R version 4.3.3 (2024-02-29)	0.0.1	151292	0:01.44
281	2000	1	3.477	0.289	1938900	69471656	raster	R version 4.3.3 (2024-02-29)	0.0.1	277764	0:04.11
281	2000	2	3.452	0.288	1938900	69471656	raster	R version 4.3.3 (2024-02-29)	0.0.1	277940	0:04.08
281	2000	3	3.382	0.274	1938900	69471656	raster	R version 4.3.3 (2024-02-29)	0.0.1	277896	0:03.99
281	3093	1	7.987	0.385	2795759	161502256	raster	R version 4.3.3 (2024-02-29)	0.0.1	491436	0:08.75
281	3093	2	8.181	0.363999999999999	2795759	161502256	raster	R version 4.3.3 (2024-02-29)	0.0.1	491520	0:08.96
281	3093	3	8.138	0.369999999999999	2795759	161502256	raster	R version 4.3.3 (2024-02-29)	0.0.1	491376	0:08.90
