sample	snp1	snp2	snp3	snp4	snp5	snp6	snp7	snp8	snp9	snp10	snp11	snp12	snp13	snp14	snp15	snp16	snp17	snp18	snp19	snp20	snp21	snp22	snp23	snp24	snp25	snp26	snp27	snp28	snp29	snp30	snp31	snp32	snp33	snp34	snp35	snp36	snp37	snp38	snp39	snp40	snp41	snp42
Line001	1	0	1	1	1	2	1	1	1	1	1	1	1	1	2	2	2	2	2	2	2	2	2	2	1	2	2	2	0	0	0	0	0	0	0	0	0	0	0	0	0	0
Line002	0	0	0	0	0	0	0	0	1	0	0	NA	0	1	1	2	2	2	2	2	2	2	2	2	2	2	1	2	0	0	0	0	0	0	0	0	0	0	0	0	0	0
Line003	0	0	0	0	0	0	1	1	1	0	0	0	0	0	0	1	1	1	1	1	1	1	1	1	1	1	1	1	1	1	1	1	1	1	1	0	1	1	1	1	1	1
Line004	1	1	1	1	1	1	0	NA	1	1	1	1	1	0	0	0	0	0	0	0	1	0	0	0	0	0	0	0	0	0	0	0	0	0	0	0	0	0	NA	0	0	1
Line005	1	1	1	0	1	1	1	1	1	1	NA	0	1	0	0	0	0	0	1	0	0	0	0	0	0	0	0	0	0	0	0	0	0	0	0	0	0	0	0	0	0	0
Line006	0	0	0	0	0	0	1	0	0	0	0	0	0	0	1	1	2	1	1	1	0	1	1	NA	1	1	1	1	1	1	1	1	1	1	1	1	NA	1	1	1	2	1
Line007	0	0	0	0	0	0	0	0	0	0	0	1	0	0	1	0	0	0	1	1	0	0	0	0	0	0	0	2	0	0	0	0	0	0	0	0	0	0	1	0	0	0
Line008	1	1	1	1	1	1	1	1	1	1	1	1	1	0	0	0	0	0	0	0	0	0	0	0	0	0	0	0	0	1	NA	1	1	1	1	1	1	1	1	1	1	1
Line009	0	0	0	0	1	0	1	0	0	0	0	0	0	0	0	0	0	0	0	0	0	0	0	0	0	0	0	0	0	0	0	0	0	0	0	0	0	0	0	0	0	0
Line010	0	0	0	NA	0	0	1	0	0	0	0	0	0	0	1	1	1	1	1	1	1	1	1	1	1	1	1	NA	0	0	0	0	0	0	1	0	0	0	0	0	0	0
Line011	2	2	1	2	2	2	2	2	2	2	2	2	2	1	1	1	1	1	1	1	1	1	1	1	1	1	1	1	0	0	0	0	0	0	0	0	1	0	0	0	0	0
Line012	0	0	0	0	0	0	0	0	0	0	0	0	0	0	1	1	1	1	1	1	1	1	1	1	1	1	1	1	0	0	0	0	0	0	0	0	0	0	0	0	0	1
Line013	0	0	0	0	0	0	0	0	0	0	0	0	0	0	2	1	2	2	2	2	2	2	2	2	2	2	2	1	1	1	1	1	1	1	1	1	1	1	1	1	1	1
Line014	0	0	0	0	0	0	0	0	0	0	0	0	0	0	1	1	1	1	2	1	1	1	1	1	1	1	1	2	1	1	1	1	1	2	1	1	1	1	1	NA	1	2
Line015	0	0	0	NA	0	0	1	0	0	0	0	0	0	1	1	1	1	1	1	1	1	1	1	1	1	1	2	1	1	1	0	1	1	1	1	1	1	1	1	1	1	1
Line016	1	1	1	1	1	1	1	1	1	1	1	1	1	1	1	1	0	0	0	0	1	0	0	0	0	0	0	0	0	0	0	0	0	0	0	0	0	0	0	0	1	0
Line017	1	1	1	1	1	1	0	1	1	1	1	1	1	1	0	0	1	0	0	0	0	0	0	0	0	0	0	0	0	0	0	0	0	0	0	0	0	0	0	0	0	1
Line018	0	1	0	1	0	0	0	0	0	0	0	0	0	1	1	1	1	1	2	1	1	1	1	1	1	1	1	1	1	1	1	1	1	1	1	1	1	1	1	0	1	0
Line019	1	1	1	1	1	1	0	1	1	1	1	1	1	0	1	1	1	1	1	0	1	1	1	1	1	1	1	1	1	1	1	0	1	1	1	1	1	1	1	1	1	1
Line020	0	0	0	0	0	0	0	0	0	0	1	0	0	0	2	2	2	1	2	2	2	2	2	2	NA	2	2	2	0	0	0	0	0	1	0	0	0	0	0	0	0	0
Line021	1	1	1	1	1	1	1	1	1	1	1	1	1	1	1	1	1	1	1	1	1	0	1	1	1	1	1	0	0	0	0	0	NA	0	0	0	0	0	0	0	0	1
Line022	1	1	2	1	1	1	1	1	1	1	1	1	2	1	0	0	0	0	0	0	0	0	0	0	0	1	0	0	1	1	1	1	1	1	0	1	1	1	1	1	1	1
Line023	0	0	0	NA	0	0	1	0	0	0	0	0	0	0	1	1	1	1	1	1	1	1	1	2	1	1	2	2	1	1	1	1	1	1	1	1	1	1	1	1	1	2
Line024	0	0	0	0	0	0	0	0	0	0	0	0	0	0	1	1	1	1	1	NA	1	1	1	1	1	1	1	1	1	1	1	1	1	1	1	1	1	1	1	1	1	1
Line025	0	0	0	0	0	0	0	0	0	0	0	0	0	1	1	1	1	1	1	1	0	1	1	1	1	1	1	1	0	0	0	0	0	0	1	0	0	1	0	0	0	0
Line026	0	0	0	0	0	0	0	0	0	0	0	0	0	0	0	0	0	0	0	0	1	0	NA	0	0	0	0	1	0	0	0	0	0	NA	0	0	0	0	0	0	0	0
Line027	1	0	0	0	0	0	1	0	0	0	0	0	0	0	0	0	0	0	0	0	0	0	0	0	0	0	0	0	1	1	1	1	1	1	1	1	1	1	1	1	1	1
Line028	1	1	1	1	1	1	1	1	2	1	1	1	1	2	1	1	1	1	1	1	1	1	1	1	1	1	0	2	0	0	0	0	0	0	1	0	0	0	0	0	0	0
Line029	0	0	0	0	0	0	1	0	0	0	0	0	1	0	1	1	1	1	1	1	1	1	1	1	1	1	1	1	0	0	0	0	0	0	0	0	0	0	0	0	0	1
Line030	1	0	0	0	NA	0	0	0	0	0	0	0	0	0	1	1	1	1	1	1	2	1	1	1	1	1	1	1	1	1	1	1	1	1	2	1	1	1	1	1	0	1
Line031	0	0	0	0	0	0	0	0	0	0	0	0	0	0	1	1	1	1	2	1	0	1	1	1	1	1	1	2	0	0	1	0	0	0	1	0	0	0	0	0	1	0
Line032	2	2	2	2	2	2	2	2	2	2	2	2	2	2	1	1	1	1	1	1	1	1	1	1	1	1	1	NA	1	1	1	1	1	2	0	1	1	1	1	1	1	1
Line033	0	0	0	0	0	0	0	0	0	0	0	0	1	NA	0	0	0	0	0	0	1	0	0	0	0	0	0	0	1	1	1	1	1	1	1	1	1	1	1	1	1	1
Line034	2	2	2	2	1	2	2	2	1	2	2	2	2	2	1	1	1	1	1	1	2	1	1	1	1	1	1	1	0	0	0	0	1	0	0	0	0	0	0	0	0	0
Line035	2	1	1	1	1	1	1	1	1	1	1	1	1	1	1	1	0	1	1	1	0	1	1	1	1	1	1	1	1	1	1	1	1	1	1	1	1	1	1	1	1	1
Line036	0	0	0	0	0	0	0	0	1	0	0	0	0	0	1	1	1	1	1	1	1	1	1	1	1	1	1	2	1	1	1	1	1	1	1	1	1	1	1	1	2	1
Line037	0	0	0	0	1	0	0	0	0	0	0	0	0	0	0	0	0	0	1	0	0	0	0	1	0	0	0	1	1	1	1	1	1	1	1	1	1	1	1	1	1	1
Line038	1	1	1	1	1	1	2	1	1	1	1	1	1	1	0	0	0	0	0	0	0	0	0	0	0	0	0	0	0	0	0	0	0	0	0	0	0	0	0	0	0	1
Line039	1	1	1	1	1	1	1	1	1	1	1	1	1	1	1	1	1	1	1	2	1	1	1	1	1	1	1	1	1	1	1	1	1	1	1	1	1	1	1	1	1	1
Line040	0	0	0	1	0	0	0	0	1	0	0	0	0	NA	0	0	0	0	0	0	0	0	0	0	0	0	0	0	0	0	0	0	0	0	0	0	0	0	0	0	1	0
Line041	1	1	1	1	1	1	1	1	1	1	1	0	1	1	1	1	1	1	1	1	2	1	1	1	1	1	1	2	0	0	0	0	0	0	0	0	0	0	0	0	0	0
Line042	1	1	1	1	1	1	1	1	1	1	1	1	1	1	1	1	1	1	1	1	1	1	1	1	1	2	1	0	0	0	0	0	0	0	1	1	0	0	1	0	0	0
Line043	2	2	2	1	2	2	1	2	2	2	2	2	2	1	1	1	0	1	1	1	1	1	1	1	1	1	1	2	1	1	1	1	1	1	1	1	1	1	1	2	1	1
Line044	1	1	1	1	1	1	1	1	1	1	1	1	1	1	1	1	1	1	1	1	1	1	1	1	1	1	2	1	0	0	0	0	0	0	0	0	0	0	0	0	0	0
Line045	0	1	1	0	0	0	0	0	0	0	0	0	0	0	0	0	0	0	0	0	0	0	0	0	0	0	0	0	2	1	1	1	1	1	1	1	1	1	1	1	1	1
Line046	0	0	0	0	0	0	0	0	0	0	0	0	0	0	1	1	1	1	1	1	1	1	1	2	1	1	1	1	0	0	NA	0	0	0	0	0	1	0	0	0	0	0
Line047	2	1	1	1	1	1	1	1	1	1	1	1	1	1	1	1	1	1	1	1	1	1	1	1	2	2	1	2	0	0	0	0	0	0	0	0	0	0	0	0	0	1
Line048	0	0	0	NA	0	0	0	0	0	0	0	0	0	1	0	0	0	0	0	0	0	0	0	0	0	0	0	0	0	0	0	0	0	0	0	0	0	0	0	0	0	0
Line049	1	1	1	1	1	1	1	1	1	1	1	1	1	1	0	0	0	1	1	0	0	0	0	1	0	0	0	0	0	1	0	0	0	0	0	1	0	0	0	0	0	2
Line050	1	1	1	1	1	1	2	1	0	1	1	1	1	1	1	1	1	1	1	1	1	1	1	1	1	1	2	2	0	0	0	0	0	0	0	0	0	0	0	0	0	0
Line051	0	0	0	0	0	0	1	0	1	0	0	0	0	0	0	1	1	1	1	1	1	1	1	1	1	1	1	1	0	0	0	0	0	0	0	0	0	0	0	0	0	0
Line052	1	1	1	1	1	1	1	1	1	1	1	1	1	1	0	0	0	0	0	0	1	0	0	0	0	0	0	0	1	1	1	1	1	1	1	1	1	1	1	1	1	1
Line053	1	0	0	0	0	0	1	0	0	0	0	0	0	0	1	1	1	1	1	1	1	1	1	1	1	1	1	2	0	0	0	0	0	0	0	0	0	0	0	0	0	1
Line054	1	1	1	0	1	1	1	1	1	1	1	1	1	1	0	0	0	0	0	0	0	0	1	0	0	0	0	0	1	1	1	1	0	1	1	1	1	1	1	1	1	1
Line055	0	0	0	0	0	0	1	0	1	0	0	0	0	1	2	2	2	2	2	2	2	2	2	2	2	2	1	2	1	1	1	1	1	1	1	1	2	1	1	1	1	1
Line056	1	1	1	1	1	1	0	1	1	1	1	1	1	1	0	0	0	0	0	0	1	0	0	0	0	0	0	1	0	0	1	0	0	0	0	0	0	0	0	0	0	0
Line057	0	0	0	0	0	0	0	0	1	0	0	0	0	0	2	2	NA	2	2	2	1	2	2	2	2	2	2	2	0	0	0	0	0	0	0	0	0	0	0	0	0	NA
Line058	0	0	0	0	0	0	0	0	0	0	0	0	0	1	0	0	0	0	0	0	0	0	0	0	0	0	1	0	1	1	1	1	1	1	1	2	1	1	1	1	1	1
Line059	0	NA	0	1	0	0	0	0	0	0	0	0	0	0	1	1	1	1	1	1	1	1	0	1	1	1	1	1	0	0	0	0	0	0	0	0	0	0	0	0	1	0
Line060	0	0	0	0	0	0	0	0	0	0	0	0	0	0	0	0	1	0	0	0	0	0	0	0	0	0	0	1	0	0	0	0	0	0	0	0	0	0	0	0	0	0
