chr	pos	p	id
chr1	1001345	0.0350788198430567	snp1
chr1	1002404	0.0199502655023363	snp2
chr1	1004439	0.0608020355801346	snp3
chr1	1005415	0.0413049855718012	snp4
chr1	1007091	0.0172334894101714	snp5
chr1	1008886	0.0137403088625281	snp6
chr1	1010623	0.0550878782078707	snp7
chr1	1011890	0.0388928724041236	snp8
chr1	1013122	0.034476901829917	snp9
chr1	1014577	0.0398663578819068	snp10
chr1	1015484	0.0254211087587587	snp11
chr1	1016804	0.0260462654218566	snp12
chr1	1017836	0.0260723947152388	snp13
chr1	1019219	0.0114649940369061	snp14
chr1	1021051	8.20453555837847e-06	snp15
chr1	1022987	9.218111707956e-07	snp16
chr1	1025077	1.13805922765559e-05	snp17
chr1	1026178	7.74318202320447e-06	snp18
chr1	1027961	6.71758198074018e-05	snp19
chr1	1029935	4.35935769658898e-06	snp20
chr1	1031123	3.16227766016838e-13	snp21
chr1	1032971	2.1051354003032e-06	snp22
chr1	1034598	1.66048507892299e-06	snp23
chr1	1035520	2.9072225949661e-06	snp24
chr1	1036733	7.00456324097952e-06	snp25
chr1	1038735	3.48403365118105e-06	snp26
chr1	1040281	4.47237770281842e-05	snp27
chr1	1042226	8.31855481792604e-05	snp28
chr1	1043138	0.0226092765442921	snp29
chr1	1044343	0.0177165161696549	snp30
chr1	1045974	0.0345463216927537	snp31
chr1	1047045	0.0218551095496861	snp32
chr1	1048086	0.0255480975911674	snp33
chr1	1049678	0.0288663048300327	snp34
chr1	1051619	0.0190308221481721	snp35
chr1	1053199	0.0147883145193524	snp36
chr1	1054556	0.0474456915157817	snp37
chr1	1055848	0.0517604643976939	snp38
chr1	1057708	0.0418951315786248	snp39
chr1	1058726	0.027059170233538	snp40
chr1	1059863	0.0328639436734195	snp41
chr1	1061625	0.0161096367245774	snp42
