variant_1	variant_2	position_1	position_2	distance_bp	n_diploid	r2_dosage
PZA02812.43	PZA02812.34	267615478	267615649	171	258	0.995076558294
PZA02812.43	PZA00364.2	267615478	268082543	467065	266	0.00941860220908
PZA02812.43	PZA00364.5	267615478	268082607	467129	263	0.0416181449793
PZA02812.43	PZB00083.1	267615478	268369569	754091	270	0.0127077511399
PZA02812.43	PZB00083.3	267615478	268369718	754240	262	2.73551178954e-05
PZA02812.43	PZB00895.3	267615478	268369942	754464	271	0.00155153514896
PZA02812.43	PZB00895.1	267615478	268370364	754886	269	0.0415062779445
PZA02812.43	PZB00895.2	267615478	268370415	754937	263	0.0207301715458
PZA02812.43	PZB00008.1	267615478	268371949	756471	272	0.0203312811453
PZA02812.43	PZB00063.6	267615478	268373267	757789	256	0.000937862881115
PZA02812.43	PZB00063.2	267615478	268373269	757791	259	0.0031187912438
PZA02812.43	PZB00176.5	267615478	268373293	757815	272	0.00394349411105
PZA02812.43	PZB00063.3	267615478	268373339	757861	257	0.000367571385258
PZA02812.43	PZB00063.4	267615478	268373504	758026	249	0.00707811820837
PZA02812.43	PZB00063.5	267615478	268373562	758084	242	0.00748645684437
PZA02812.34	PZA00364.2	267615649	268082543	466894	254	0.0165208780522
PZA02812.34	PZA00364.5	267615649	268082607	466958	254	0.0464994954095
PZA02812.34	PZB00083.1	267615649	268369569	753920	259	0.0102942076607
PZA02812.34	PZB00083.3	267615649	268369718	754069	250	3.22851726065e-05
PZA02812.34	PZB00895.3	267615649	268369942	754293	259	3.29645862558e-05
PZA02812.34	PZB00895.1	267615649	268370364	754715	256	0.0483005563604
PZA02812.34	PZB00895.2	267615649	268370415	754766	253	0.016013817161
PZA02812.34	PZB00008.1	267615649	268371949	756300	261	0.0188427652831
PZA02812.34	PZB00063.6	267615649	268373267	757618	245	0.00109612583795
PZA02812.34	PZB00063.2	267615649	268373269	757620	247	0.00357806414148
PZA02812.34	PZB00176.5	267615649	268373293	757644	260	0.00237947547644
PZA02812.34	PZB00063.3	267615649	268373339	757690	246	0.000108610979287
PZA02812.34	PZB00063.4	267615649	268373504	757855	238	0.0153140242356
PZA02812.34	PZB00063.5	267615649	268373562	757913	231	0.0146526666425
PZA00364.2	PZA00364.5	268082543	268082607	64	262	0.0415958350178
PZA00364.2	PZB00083.1	268082543	268369569	287026	267	0.260123400442
PZA00364.2	PZB00083.3	268082543	268369718	287175	259	0.433521231684
PZA00364.2	PZB00895.3	268082543	268369942	287399	269	0.00624664679086
PZA00364.2	PZB00895.1	268082543	268370364	287821	266	0.0700458235153
PZA00364.2	PZB00895.2	268082543	268370415	287872	261	0.132373249892
PZA00364.2	PZB00008.1	268082543	268371949	289406	268	0.124425803795
PZA00364.2	PZB00063.6	268082543	268373267	290724	254	0.0245628418248
PZA00364.2	PZB00063.2	268082543	268373269	290726	257	0.0141916941774
PZA00364.2	PZB00176.5	268082543	268373293	290750	270	0.00371461370183
PZA00364.2	PZB00063.3	268082543	268373339	290796	254	0.190623433417
PZA00364.2	PZB00063.4	268082543	268373504	290961	244	0.0882807218044
PZA00364.2	PZB00063.5	268082543	268373562	291019	239	0.0858089798161
PZA00364.5	PZB00083.1	268082607	268369569	286962	265	4.26396804867e-07
PZA00364.5	PZB00083.3	268082607	268369718	287111	257	3.4137264793e-05
PZA00364.5	PZB00895.3	268082607	268369942	287335	267	0.00581202564574
PZA00364.5	PZB00895.1	268082607	268370364	287757	264	0.0667099613955
PZA00364.5	PZB00895.2	268082607	268370415	287808	260	0.00874353430504
PZA00364.5	PZB00008.1	268082607	268371949	289342	266	2.85863186097e-06
PZA00364.5	PZB00063.6	268082607	268373267	290660	253	0.0158290263174
PZA00364.5	PZB00063.2	268082607	268373269	290662	255	0.0148013928416
PZA00364.5	PZB00176.5	268082607	268373293	290686	268	0.0133125412668
PZA00364.5	PZB00063.3	268082607	268373339	290732	252	0.011723630303
PZA00364.5	PZB00063.4	268082607	268373504	290897	244	0.0533368611872
PZA00364.5	PZB00063.5	268082607	268373562	290955	237	0.0190519384427
PZB00083.1	PZB00083.3	268369569	268369718	149	268	0.477712240364
PZB00083.1	PZB00895.3	268369569	268369942	373	276	0.0661912892822
PZB00083.1	PZB00895.1	268369569	268370364	795	272	0.131623931624
PZB00083.1	PZB00895.2	268369569	268370415	846	268	0.528621213826
PZB00083.1	PZB00008.1	268369569	268371949	2380	276	0.402884641675
PZB00083.1	PZB00063.6	268369569	268373267	3698	260	0.0283769735613
PZB00083.1	PZB00063.2	268369569	268373269	3700	263	0.0146047853903
PZB00083.1	PZB00176.5	268369569	268373293	3724	275	0.106370823297
PZB00083.1	PZB00063.3	268369569	268373339	3770	260	0.132391997346
PZB00083.1	PZB00063.4	268369569	268373504	3935	250	0.10444476543
PZB00083.1	PZB00063.5	268369569	268373562	3993	247	0.289165114456
PZB00083.3	PZB00895.3	268369718	268369942	224	268	0.0129254209058
PZB00083.3	PZB00895.1	268369718	268370364	646	264	0.0656370656371
PZB00083.3	PZB00895.2	268369718	268370415	697	260	0.263949351081
PZB00083.3	PZB00008.1	268369718	268371949	2231	267	0.204722783916
PZB00083.3	PZB00063.6	268369718	268373267	3549	253	0.0193396226415
PZB00083.3	PZB00063.2	268369718	268373269	3551	256	0.0155850687145
PZB00083.3	PZB00176.5	268369718	268373293	3575	267	0.00564565138862
PZB00083.3	PZB00063.3	268369718	268373339	3621	252	0.371739384859
PZB00083.3	PZB00063.4	268369718	268373504	3786	244	0.189394490009
PZB00083.3	PZB00063.5	268369718	268373562	3844	243	0.250152996461
PZB00895.3	PZB00895.1	268369942	268370364	422	274	0.00717325821948
PZB00895.3	PZB00895.2	268369942	268370415	473	271	0.145939393939
PZB00895.3	PZB00008.1	268369942	268371949	2007	276	0.0363703108558
PZB00895.3	PZB00063.6	268369942	268373267	3325	263	0.00118308511836
PZB00895.3	PZB00063.2	268369942	268373269	3327	265	0.00740420177161
PZB00895.3	PZB00176.5	268369942	268373293	3351	277	0.295088824994
PZB00895.3	PZB00063.3	268369942	268373339	3397	262	0.0176733395335
PZB00895.3	PZB00063.4	268369942	268373504	3562	252	0.0206828661273
PZB00895.3	PZB00063.5	268369942	268373562	3620	249	0.00349208363465
PZB00895.1	PZB00895.2	268370364	268370415	51	266	0.185610409491
PZB00895.1	PZB00008.1	268370364	268371949	1585	273	0.203665091001
PZB00895.1	PZB00063.6	268370364	268373267	2903	258	0.0231792952653
PZB00895.1	PZB00063.2	268370364	268373269	2905	263	0.0303899605208
PZB00895.1	PZB00176.5	268370364	268373293	2929	274	0.0218352158966
PZB00895.1	PZB00063.3	268370364	268373339	2975	259	0.151234393004
PZB00895.1	PZB00063.4	268370364	268373504	3140	250	0.276978236603
PZB00895.1	PZB00063.5	268370364	268373562	3198	244	0.178688033196
PZB00895.2	PZB00008.1	268370415	268371949	1534	268	0.187427567922
PZB00895.2	PZB00063.6	268370415	268373267	2852	262	0.0424026261696
PZB00895.2	PZB00063.2	268370415	268373269	2854	257	0.0316774547026
PZB00895.2	PZB00176.5	268370415	268373293	2878	269	0.0852116589668
PZB00895.2	PZB00063.3	268370415	268373339	2924	255	0.0369930761622
PZB00895.2	PZB00063.4	268370415	268373504	3089	245	0.015262895046
PZB00895.2	PZB00063.5	268370415	268373562	3147	246	0.103133661163
PZB00008.1	PZB00063.6	268371949	268373267	1318	260	0.106737630914
PZB00008.1	PZB00063.2	268371949	268373269	1320	264	0.113548119662
PZB00008.1	PZB00176.5	268371949	268373293	1344	276	0.0500077875124
PZB00008.1	PZB00063.3	268371949	268373339	1390	262	0.0191442409692
PZB00008.1	PZB00063.4	268371949	268373504	1555	252	0.167294512186
PZB00008.1	PZB00063.5	268371949	268373562	1613	246	0.0711860462401
PZB00063.6	PZB00063.2	268373267	268373269	2	251	0.872975708502
PZB00063.6	PZB00176.5	268373267	268373293	26	261	0.00673302107728
PZB00063.6	PZB00063.3	268373267	268373339	72	247	0.0524411668141
PZB00063.6	PZB00063.4	268373267	268373504	237	238	0.114434516348
PZB00063.6	PZB00063.5	268373267	268373562	295	239	0.0643176733781
PZB00063.2	PZB00176.5	268373269	268373293	24	265	0.00914724534685
PZB00063.2	PZB00063.3	268373269	268373339	70	251	0.0719699820337
PZB00063.2	PZB00063.4	268373269	268373504	235	242	0.134877356011
PZB00063.2	PZB00063.5	268373269	268373562	293	237	0.0352417449339
PZB00176.5	PZB00063.3	268373293	268373339	46	262	0.0353954795804
PZB00176.5	PZB00063.4	268373293	268373504	211	252	0.0016073639127
PZB00176.5	PZB00063.5	268373293	268373562	269	247	0.0952380952381
PZB00063.3	PZB00063.4	268373339	268373504	165	243	0.530261436537
PZB00063.3	PZB00063.5	268373339	268373562	223	233	0.722152076319
PZB00063.4	PZB00063.5	268373504	268373562	58	226	0.542412619239
