id	chromosome	position	assembly	declared_alleles	observed_alleles	allele_consistent	missing_calls	missing_fraction	MAF	heterozygosity	retained	disposition
PZA02812.43	1	267615478	AGPv1	G/T	G/T	True	8	0.0284697508897	0.263736263736	0.00732600732601	True	retained
PZA02812.34	1	267615649	AGPv1	A/T	A/T	True	20	0.0711743772242	0.270114942529	0.00383141762452	True	retained
PZA00364.2	1	268082543	AGPv1	A/T	A/T	True	10	0.0355871886121	0.20110701107	0.0110701107011	True	retained
PZA00364.5	1	268082607	AGPv1	C/T	C/T	True	12	0.0427046263345	0.159851301115	0.0148698884758	True	retained
PZB00083.1	1	268369569	AGPv1	C/T	C/T	True	4	0.0142348754448	0.281588447653	0	True	retained
PZB00083.3	1	268369718	AGPv1	C/T	C/T	True	12	0.0427046263345	0.156133828996	0	True	retained
PZB00895.3	1	268369942	AGPv1	C/G	C/G	True	2	0.00711743772242	0.10394265233	0	True	retained
PZB00895.1	1	268370364	AGPv1	A/G	A/G	True	5	0.017793594306	0.25	0	True	retained
PZB00895.2	1	268370415	AGPv1	A/G	A/G	True	10	0.0355871886121	0.365313653137	0	True	retained
PZB00008.1	1	268371949	AGPv1	A/G	A/G	True	3	0.0106761565836	0.302158273381	0.503597122302	True	retained
PZB00063.6	1	268373267	AGPv1	G/T	G/T	True	18	0.0640569395018	0.0874524714829	0	True	retained
PZB00063.2	1	268373269	AGPv1	A/G	A/G	True	14	0.0498220640569	0.110486891386	0.00374531835206	True	retained
PZB00176.5	1	268373293	AGPv1	A/G	A/G	True	2	0.00711743772242	0.0645161290323	0	True	retained
PZB00063.3	1	268373339	AGPv1	A/T	A/T	True	17	0.0604982206406	0.333333333333	0.00757575757576	True	retained
PZB00063.4	1	268373504	AGPv1	A/G	A/G	True	27	0.0960854092527	0.498031496063	0.0196850393701	True	retained
PZB00063.5	1	268373562	AGPv1	A/T	A/T	True	32	0.113879003559	0.36546184739	0	True	retained
