variant_1	variant_2	n_diploid	n_haplotypes	r2_dosage	r2_phased	abs_Dprime_phased
snp1	snp2	59	118	0.712838906244	0.6970923899	0.908278274388
snp1	snp3	60	120	0.716081572899	0.698831326659	0.908918406072
snp1	snp4	56	112	0.594286631359	0.587760532151	0.854545454545
snp1	snp5	59	118	0.741300378806	0.727988043567	0.909370199693
snp1	snp6	60	120	0.790757056428	0.770614733751	0.954459203036
snp1	snp7	60	120	0.394032535518	0.300848966031	0.581881533101
snp1	snp8	59	118	0.78483486988	0.765215707495	0.953174603175
snp1	snp9	60	120	0.485333631885	0.490196078431	0.714285714286
snp1	snp10	60	120	0.827995093362	0.809523809524	1
snp1	snp11	59	118	0.78483486988	0.765215707495	0.953174603175
snp1	snp12	59	118	0.724712334939	0.698807317608	0.950976319069
snp1	snp13	60	120	0.716114871044	0.699902531546	0.871657754011
snp1	snp14	58	116	0.355941236916	0.363349290333	0.641975308642
snp1	snp15	60	120	1.1776094058e-05	0.000428924212391	0.0431893687708
snp1	snp16	60	120	0.000769275150489	0.00486510393631	0.142857142857
snp1	snp17	59	118	0.0327421277478	0.0209474709469	0.294352159468
snp1	snp18	60	120	0.000769275150489	0.0010051867637	0.0649350649351
snp1	snp19	60	120	0.0206236594621	0.0113692535838	0.193277310924
snp1	snp20	59	118	0.00668426415711	0.00619156161325	0.157142857143
snp1	snp21	60	120	0.00587774294671	0.00140056022409	0.0714285714286
snp1	snp22	60	120	0.00675137025811	0.00347453992168	0.12292358804
snp1	snp23	59	118	0.00199512292791	0.00619156161325	0.157142857143
snp1	snp24	59	118	0.0123801396857	0.0124210012704	0.21094224924
snp1	snp25	59	118	1.23848702462e-05	0.000314469478343	0.0367346938776
snp1	snp26	60	120	0.000488876561661	0.00411718170218	0.12462006079
snp1	snp27	60	120	0.00472955542179	0.00830461444272	0.180124223602
snp1	snp28	58	116	0.00622960692092	0.0102563349183	0.16914600551
snp1	snp29	60	120	0.0056867409146	0.0107032286599	0.314285714286
snp1	snp30	60	120	7.09229918155e-05	0.00496499745561	0.208791208791
snp1	snp31	58	116	0.00115760782427	0.0114935279928	0.317647058824
snp1	snp32	60	120	0.00261233019854	0.00840336134454	0.285714285714
snp1	snp33	59	118	0.000925016990108	0.00303665552242	0.167058823529
snp1	snp34	59	118	0.000758341759353	0.0101062754419	0.277551020408
snp1	snp35	60	120	0.0188426172318	0.0219366261093	0.408866995074
snp1	snp36	60	120	0.000139530989833	0.00677690431011	0.238095238095
snp1	snp37	59	118	6.57835877842e-07	0.00786946845467	0.250793650794
snp1	snp38	60	120	0.00347522659896	0.013217070789	0.340659340659
snp1	snp39	59	118	0.000808996576808	0.0153314887208	0.357298474946
snp1	snp40	59	118	0.00729340303065	0.00265865895192	0.157142857143
snp1	snp41	60	120	0.0242534235275	0.0135574229692	0.314285714286
snp1	snp42	59	118	0.00514227189059	0.00457159649049	0.157142857143
snp2	snp3	59	118	0.831635108042	0.754714483155	0.868743047831
snp2	snp4	55	110	0.73461108133	0.745569950533	0.903972064601
snp2	snp5	58	116	0.741241563614	0.753305416431	0.867931688805
snp2	snp6	59	118	0.764328562947	0.832647791549	0.912495365221
snp2	snp7	59	118	0.317949696761	0.333669476807	0.666935483871
snp2	snp8	58	116	0.829999247243	0.828241091281	0.91007751938
snp2	snp9	59	118	0.516992537313	0.5381996256	0.814319433517
snp2	snp10	59	118	0.873061480971	0.87219020011	0.954789272031
snp2	snp11	58	116	0.829999247243	0.828241091281	0.91007751938
snp2	snp12	58	116	0.753420445811	0.750031625553	0.905882352941
snp2	snp13	59	118	0.765832955389	0.76075827304	0.910436432638
snp2	snp14	57	114	0.416752243263	0.450494345596	0.686073957514
snp2	snp15	59	118	0.0085179928578	1.85855814917e-06	0.00307219662058
snp2	snp16	59	118	0.0136693294093	0.0026913624958	0.114778694674
snp2	snp17	58	116	0.0561061891213	0.0170797525636	0.287250384025
snp2	snp18	59	118	0.0136693294093	0.000140839807653	0.026256564141
snp2	snp19	59	118	0.0313432835821	0.00692534188314	0.162580645161
snp2	snp20	58	116	0.0281505647153	0.00361843079626	0.129782445611
snp2	snp21	59	118	0.000160338889109	0.00280903464476	0.109128345916
snp2	snp22	59	118	0.0302286038164	0.00172892371827	0.0937019969278
snp2	snp23	58	116	0.0243808702499	0.0049853372434	0.149560117302
snp2	snp24	58	116	0.036747200698	0.0083392459368	0.186535764376
snp2	snp25	58	116	0.00741613733668	3.08541984851e-06	0.00215053763441
snp2	snp26	59	118	0.00792922546799	0.00183420834386	0.0897615708275
snp2	snp27	59	118	0.0219163079141	0.00521747767546	0.154121863799
snp2	snp28	57	114	0.0424740950955	0.0121884155961	0.199233716475
snp2	snp29	59	118	4.93400764771e-05	0.00545807567947	0.238709677419
snp2	snp30	59	118	0.000347910795672	0.00148870973942	0.12158808933
snp2	snp31	57	114	7.99763033175e-05	0.00577849117175	0.24
snp2	snp32	59	118	0.00115138592751	0.00389781659159	0.206989247312
snp2	snp33	58	116	0.0035731548615	0.000496805520061	0.072
snp2	snp34	58	116	2.86805786594e-06	0.00455654402523	0.198156682028
snp2	snp35	59	118	0.0275552903499	0.0261930938519	0.474972191324
snp2	snp36	59	118	0.00175091953674	0.00251126947456	0.154121863799
snp2	snp37	58	116	0.000878329931048	0.0031398133737	0.168458781362
snp2	snp38	59	118	0.00132293080054	0.00723211595195	0.267990074442
snp2	snp39	58	116	3.66485622769e-06	0.00853261588389	0.283950617284
snp2	snp40	58	116	0.00381350760227	0.000396006930121	0.0645161290323
snp2	snp41	59	118	0.00359571941378	0.00524080237818	0.212458286986
snp2	snp42	58	116	0.000132152055774	0.00465738983766	0.168458781362
snp3	snp4	56	112	0.617439928257	0.635953673754	0.815637860082
snp3	snp5	59	118	0.744324205486	0.754714483155	0.868743047831
snp3	snp6	60	120	0.841634814798	0.833590840665	0.913011960855
snp3	snp7	60	120	0.324810477901	0.336953492386	0.669551534225
snp3	snp8	59	118	0.831874484998	0.829203397612	0.910606060606
snp3	snp9	60	120	0.522428260644	0.540723864754	0.815668202765
snp3	snp10	60	120	0.874452186525	0.872900809472	0.955056179775
snp3	snp11	59	118	0.831874484998	0.829203397612	0.910606060606
snp3	snp12	59	118	0.756031318816	0.751386483209	0.906460562822
snp3	snp13	60	120	0.843586537353	0.838385858308	0.955506117909
snp3	snp14	58	116	0.423166013106	0.453383934219	0.688172043011
snp3	snp15	60	120	0.0096374238674	0.00193638808068	0.0997749437359
snp3	snp16	60	120	0.014957046317	0.00874215919713	0.208211143695
snp3	snp17	59	118	0.0582153701407	0.0295532503816	0.380345086272
snp3	snp18	60	120	0.014957046317	0.00291520920658	0.120234604106
snp3	snp19	60	120	0.0485520060727	0.0149513009736	0.240986717268
snp3	snp20	59	118	0.0296543862116	0.0103860053804	0.221407624633
snp3	snp21	60	120	6.79840464104e-05	0.00869880391446	0.193548387097
snp3	snp22	60	120	0.0319896408118	0.00700696843553	0.189797449362
snp3	snp23	59	118	0.0184690582177	0.0103860053804	0.221407624633
snp3	snp24	59	118	0.037971119205	0.0173363249258	0.271105010295
snp3	snp25	59	118	0.0187488554162	0.00172892371827	0.0937019969278
snp3	snp26	60	120	0.00273678700559	0.00198275345709	0.0940288263555
snp3	snp27	60	120	0.0230912927977	0.012747086876	0.242636746143
snp3	snp28	58	116	0.0423480286263	0.0223546944858	0.272727272727
snp3	snp29	60	120	1.82201799425e-05	0.000461647049846	0.0709677419355
snp3	snp30	60	120	0.000948290288392	0.00109684181927	0.106699751861
snp3	snp31	58	116	1.48726529095e-05	0.00492375841213	0.226666666667
snp3	snp32	60	120	0.000483442107808	0.00326205146792	0.193548387097
snp3	snp33	59	118	0.00506355746471	0.000287390029326	0.056
snp3	snp34	59	118	0.000195354747999	0.00376667784899	0.184331797235
snp3	snp35	60	120	0.0406497006478	0.0399012443481	0.599555061179
snp3	snp36	60	120	0.00284685716007	0.00197593798595	0.139784946237
snp3	snp37	59	118	9.19536735873e-05	0.00251126947456	0.154121863799
snp3	snp38	60	120	0.000554536535426	0.00629334497603	0.255583126551
snp3	snp39	59	118	0.000220787106033	0.00746167412834	0.271604938272
snp3	snp40	59	118	0.015487022092	0.000213002627032	0.0483870967742
snp3	snp41	60	120	0.00515247509637	0.00592001933068	0.225806451613
snp3	snp42	59	118	0.00258605449908	0.00371586214935	0.154121863799
snp4	snp5	55	110	0.593920270363	0.633745066013	0.814345991561
snp4	snp6	56	112	0.712080329695	0.709858087828	0.861728395062
snp4	snp7	56	112	0.32562239659	0.301581670362	0.612121212121
snp4	snp8	55	110	0.692288908183	0.70244430254	0.85775862069
snp4	snp9	56	112	0.452496685815	0.43954737793	0.754385964912
snp4	snp10	56	112	0.735537576034	0.745484830458	0.863414634146
snp4	snp11	55	110	0.732103952692	0.74390625	0.8625
snp4	snp12	55	110	0.692525125628	0.70244430254	0.85775862069
snp4	snp13	56	112	0.639196632618	0.645098094249	0.858227848101
snp4	snp14	54	108	0.513625456099	0.485921498842	0.713527851459
snp4	snp15	56	112	0.000764635603345	0.00925022583559	0.118518518519
snp4	snp16	56	112	3.05040799207e-06	0.00181481512514	0.0535211267606
snp4	snp17	55	110	0.00734861845973	0.0014880952381	0.0833333333333
snp4	snp18	56	112	3.05040799207e-06	0.00713246362969	0.106103286385
snp4	snp19	56	112	0.0148724920694	0.00121951219512	0.0666666666667
snp4	snp20	55	110	0.00387524801587	0.00119300106045	0.0434782608696
snp4	snp21	56	112	0.016905915911	0.00151491863177	0.052736318408
snp4	snp22	56	112	0.00437101145205	0.00292682926829	0.0666666666667
snp4	snp23	55	110	0.0126808331833	5.89136326146e-05	0.0162601626016
snp4	snp24	55	110	0.00460802949139	0.000130163137799	0.0149253731343
snp4	snp25	55	110	0.000177455990914	0.010172143975	0.1220657277
snp4	snp26	56	112	0.000362450163103	0.00251293422025	0.0666666666667
snp4	snp27	56	112	2.78494902151e-06	0.00181481512514	0.0535211267606
snp4	snp28	55	110	0.0206966078463	0.00267100435309	0.0934065934066
snp4	snp29	56	112	0.0355912743972	0.0116299482487	0.350724637681
snp4	snp30	56	112	0.012619474313	0.00492732200049	0.222222222222
snp4	snp31	54	108	0.0322211630124	0.0150901041342	0.379310344828
snp4	snp32	56	112	0.0291530101777	0.00922723166626	0.321212121212
snp4	snp33	55	110	6.14170543879e-05	0.00291233693498	0.175412293853
snp4	snp34	55	110	0.0136892539357	0.0100923382173	0.294871794872
snp4	snp35	56	112	0.0765224938522	0.0358392600026	0.569230769231
snp4	snp36	56	112	0.00614612503182	0.00674703298757	0.253333333333
snp4	snp37	55	110	0.00872093023256	0.0078431372549	0.266666666667
snp4	snp38	56	112	0.0298685782557	0.0142399605814	0.377777777778
snp4	snp39	55	110	0.0177121771218	0.0162722560288	0.393103448276
snp4	snp40	55	110	0.0134015594542	0.0104166666667	0.333333333333
snp4	snp41	56	112	0.0111509358821	0.00487804878049	0.2
snp4	snp42	55	110	0.0118432385874	0.00793650793651	0.222222222222
snp5	snp6	59	118	0.838134430727	0.832647791549	0.912495365221
snp5	snp7	59	118	0.348651876972	0.333669476807	0.666935483871
snp5	snp8	58	116	0.824257400178	0.828241091281	0.91007751938
snp5	snp9	59	118	0.566914893617	0.601308489911	0.860739575138
snp5	snp10	59	118	0.869330529951	0.87219020011	0.954789272031
snp5	snp11	58	116	0.824257400178	0.828241091281	0.91007751938
snp5	snp12	58	116	0.7445100797	0.750031625553	0.905882352941
snp5	snp13	59	118	0.760459711911	0.76075827304	0.910436432638
snp5	snp14	57	114	0.333269006633	0.393524333368	0.641227380016
snp5	snp15	59	118	0.00934051589971	0.00172892371827	0.0937019969278
snp5	snp16	59	118	0.0149892810216	0.00844360515416	0.203300825206
snp5	snp17	58	116	0.0615984405458	0.0293177427902	0.376344086022
snp5	snp18	59	118	0.0149892810216	0.0026913624958	0.114778694674
snp5	snp19	59	118	0.0343698854337	0.0149294422997	0.238709677419
snp5	snp20	58	116	0.0309062318098	0.0100977299119	0.21680420105
snp5	snp21	59	118	5.74670369076e-05	0.00677483838726	0.172510518934
snp5	snp22	59	118	0.033147568833	0.00669080933702	0.184331797235
snp5	snp23	58	116	0.0188341089369	0.0100977299119	0.21680420105
snp5	snp24	58	116	0.0246687193523	0.0083392459368	0.186535764376
snp5	snp25	58	116	0.0188740091657	0.00152061831814	0.087332808812
snp5	snp26	59	118	0.0086948953577	0.00677483838726	0.172510518934
snp5	snp27	59	118	0.0240326126062	0.0125161899828	0.238709677419
snp5	snp28	57	114	0.0314823960028	0.0121884155961	0.199233716475
snp5	snp29	59	118	0.0077092209971	0.0121595573753	0.365591397849
snp5	snp30	59	118	6.16154808896e-05	0.00545807567947	0.238709677419
snp5	snp31	57	114	0.00142045454545	0.0128042328042	0.366666666667
snp5	snp32	59	118	0.00404816686038	0.00985602275263	0.338008415147
snp5	snp33	58	116	0.000594177064765	0.00344062464892	0.194444444444
snp5	snp34	58	116	0.00049338275055	0.0104311419707	0.307048984468
snp5	snp35	59	118	0.0334757834758	0.0352053088427	0.5770609319
snp5	snp36	59	118	0.000335381395723	0.00723211595195	0.267990074442
snp5	snp37	58	116	3.20461464509e-05	0.00828362445061	0.280397022333
snp5	snp38	59	118	0.00432174833927	0.014641357781	0.390967741935
snp5	snp39	58	116	0.000683922558923	0.0165401179355	0.405128205128
snp5	snp40	58	116	0.00898033233002	0.0031384258902	0.186535764376
snp5	snp41	59	118	0.0196584320608	0.0162357726318	0.365591397849
snp5	snp42	58	116	0.000211519389887	0.00997680792747	0.251612903226
snp6	snp7	60	120	0.394916945559	0.386142492699	0.716758457907
snp6	snp8	59	118	0.919178082192	0.912603879706	0.955303030303
snp6	snp9	60	120	0.604974745068	0.603548559692	0.861751152074
snp6	snp10	60	120	0.961075499608	0.956989247312	1
snp6	snp11	59	118	0.919178082192	0.912603879706	0.955303030303
snp6	snp12	59	118	0.842597192324	0.830923822687	0.953230281411
snp6	snp13	60	120	0.848376449491	0.838385858308	0.955506117909
snp6	snp14	58	116	0.446452878485	0.453383934219	0.688172043011
snp6	snp15	60	120	0.00110717437971	0.00125330471681	0.0448261416003
snp6	snp16	60	120	0.000130966656708	0.000209839568112	0.0322580645161
snp6	snp17	59	118	0.0115011142948	0.00844360515416	0.203300825206
snp6	snp18	60	120	0.000130966656708	0.000626050281723	0.0322580645161
snp6	snp19	60	120	0.00861783099064	0.00204770437415	0.0891840607211
snp6	snp20	59	118	0.00201053453633	0.000496046658449	0.0483870967742
snp6	snp21	60	120	0.0160106737825	0.000241633442068	0.0322580645161
snp6	snp22	60	120	0.00245005974578	1.8500174438e-05	0.00975243810953
snp6	snp23	59	118	2.45670188274e-05	0.000496046658449	0.0483870967742
snp6	snp24	59	118	0.00454821655333	0.00280903464476	0.109128345916
snp6	snp25	59	118	0.0020875937287	1.85855814917e-06	0.00307219662058
snp6	snp26	60	120	0.000785161675787	3.05299029836e-05	0.0116678105697
snp6	snp27	60	120	0.000880054699808	0.00119638367586	0.0743338008415
snp6	snp28	58	116	0.00797185111881	0.00486835568803	0.127272727273
snp6	snp29	60	120	0.020532951616	0.0132809370291	0.38064516129
snp6	snp30	60	120	0.00558139815684	0.00629334497603	0.255583126551
snp6	snp31	58	116	0.0107076397781	0.0139357696567	0.381333333333
snp6	snp32	60	120	0.0160106737825	0.0109641174339	0.354838709677
snp6	snp33	59	118	0.00142143432716	0.00417073965461	0.213333333333
snp6	snp34	59	118	0.00633747341007	0.0113712473001	0.320276497696
snp6	snp35	60	120	0.0585283875871	0.0399012443481	0.599555061179
snp6	snp36	60	120	0.00214386247607	0.00810771135456	0.283154121864
snp6	snp37	59	118	0.0034223708509	0.00920678080485	0.295101553166
snp6	snp38	60	120	0.0160861388739	0.0157609466178	0.404466501241
snp6	snp39	59	118	0.00824771689498	0.0176126342793	0.417283950617
snp6	snp40	59	118	0.000378732556108	0.00389781659159	0.206989247312
snp6	snp41	60	120	0.0258066781363	0.0146188232451	0.354838709677
snp6	snp42	59	118	0.00169204737733	0.0105632776758	0.259856630824
snp7	snp8	59	118	0.459347633752	0.408206240032	0.754166666667
snp7	snp9	60	120	0.233983286908	0.282657864173	0.552845528455
snp7	snp10	60	120	0.408744095919	0.411210954215	0.756097560976
snp7	snp11	59	118	0.371818755015	0.374779324779	0.708641975309
snp7	snp12	59	118	0.331667647324	0.331183343869	0.694827586207
snp7	snp13	60	120	0.383375461684	0.340767240373	0.645232815965
snp7	snp14	58	116	0.25904376423	0.264621891267	0.581730769231
snp7	snp15	60	120	0.00110709061191	0.0026709117971	0.0567327409433
snp7	snp16	60	120	0.00874959413504	0.00157237533091	0.0443213296399
snp7	snp17	59	118	0.000167213033533	3.30477356181e-05	0.00631578947368
snp7	snp18	60	120	0.00874959413504	0.00590254958203	0.0858725761773
snp7	snp19	60	120	0.00275293619378	2.9548013881e-05	0.00928792569659
snp7	snp20	59	118	0.00465633133065	0.000970273503168	0.0348506401138
snp7	snp21	60	120	0.0041782729805	5.3487376979e-05	0.0131578947368
snp7	snp22	60	120	0.00101553246344	0.0026709117971	0.0567327409433
snp7	snp23	59	118	0.00505797394543	0.000970273503168	0.0348506401138
snp7	snp24	59	118	0.000453894518881	0.000756825149993	0.0500287521564
snp7	snp25	59	118	0.00730682360637	0.00878676955547	0.101108033241
snp7	snp26	60	120	0.0079593750942	0.00167954416969	0.0483056957462
snp7	snp27	60	120	0.0128439347314	0.000254929260901	0.0184921763869
snp7	snp28	58	116	0.00185639438379	0.000232247008203	0.0220140515222
snp7	snp29	60	120	0.00846852647639	0.00714816566448	0.242105263158
snp7	snp30	60	120	0.000617602944328	0.00287623773817	0.14979757085
snp7	snp31	58	116	0.0261191130167	0.0178989672661	0.372972972973
snp7	snp32	60	120	0.000116063138347	0.00513478818999	0.210526315789
snp7	snp33	59	118	0.000302497067203	0.00140656785818	0.107027027027
snp7	snp34	59	118	0.00242829323811	0.00739400584795	0.223684210526
snp7	snp35	60	120	0.0278852225542	0.0306457740392	0.4555353902
snp7	snp36	60	120	0.00300042154683	0.0044216231636	0.181286549708
snp7	snp37	59	118	1.16048995886e-05	0.0040644361632	0.173173173173
snp7	snp38	60	120	0.00610040459295	0.00943128649135	0.271255060729
snp7	snp39	59	118	0.00560692176326	0.0135386543281	0.309941520468
snp7	snp40	59	118	0.000770096201861	0.00107841078761	0.094298245614
snp7	snp41	60	120	0.00879636416948	0.00385109114249	0.157894736842
snp7	snp42	59	118	0.00140435056101	0.00393845385822	0.137426900585
snp8	snp9	59	118	0.655122042092	0.662457101132	0.905220883534
snp8	snp10	59	118	0.957247896127	0.955805243446	1
snp8	snp11	58	116	0.913086419753	0.910159862597	0.954022988506
snp8	snp12	58	116	0.832796209869	0.82635910601	0.951827242525
snp8	snp13	59	118	0.842285119215	0.834302876145	0.954263565891
snp8	snp14	57	114	0.45045069347	0.477003484321	0.721951219512
snp8	snp15	59	118	0.00151655087005	7.51703077284e-06	0.00355555555556
snp8	snp16	59	118	0.000288524590164	5.63063063063e-05	0.0166666666667
snp8	snp17	58	116	0.0202120018483	0.00747238418397	0.190697674419
snp8	snp18	59	118	0.000288524590164	0.00107214652669	0.0432432432432
snp8	snp19	59	118	0.0151712846092	0.0014406576742	0.0745098039216
snp8	snp20	58	116	0.00558720420684	0.000236864771748	0.0333333333333
snp8	snp21	59	118	0.00759782896583	4.08641403547e-06	0.00281690140845
snp8	snp22	59	118	0.00645873455775	7.51703077284e-06	0.00355555555556
snp8	snp23	58	116	0.00113160257369	0.000236864771748	0.0333333333333
snp8	snp24	58	116	0.00952936930817	0.00214606534767	0.0950354609929
snp8	snp25	58	116	0.00108047982124	0.00217293705666	0.0594594594595
snp8	snp26	59	118	1.77888815537e-05	4.08641403547e-06	0.00281690140845
snp8	snp27	59	118	0.00324930751671	0.000769012589665	0.0594202898551
snp8	snp28	57	114	0.0132554542538	0.00378604446401	0.111688311688
snp8	snp29	59	118	0.00785262529098	0.00417073965461	0.213333333333
snp8	snp30	59	118	0.000146773246624	0.000820918212223	0.0923076923077
snp8	snp31	57	114	0.00165713722397	0.00438042710304	0.213793103448
snp8	snp32	59	118	0.00447182598822	0.00283755104234	0.180555555556
snp8	snp33	58	116	0.000781144781145	0.00014652014652	0.04
snp8	snp34	58	116	0.000560846076367	0.00326185442465	0.171428571429
snp8	snp35	59	118	0.0368362224488	0.023247390605	0.457471264368
snp8	snp36	59	118	0.00140304922282	0.00746167412834	0.271604938272
snp8	snp37	58	116	3.21876669735e-06	0.00209621693813	0.140740740741
snp8	snp38	59	118	0.00450220420414	0.00571665653187	0.24358974359
snp8	snp39	59	118	0.00159466937131	0.00746167412834	0.271604938272
snp8	snp40	58	116	0.00696437504937	0.00010111223458	0.0333333333333
snp8	snp41	59	118	0.0119177875455	0.00528925619835	0.213333333333
snp8	snp42	58	116	2.39439392569e-05	0.00203491790055	0.11619047619
snp9	snp10	60	120	0.628881987578	0.636684303351	0.904761904762
snp9	snp11	59	118	0.58512106521	0.59491159443	0.857831325301
snp9	snp12	59	118	0.557777457199	0.562139052696	0.852928957208
snp9	snp13	60	120	0.531474561656	0.543381267519	0.78354978355
snp9	snp14	58	116	0.361752881623	0.314455782313	0.597222222222
snp9	snp15	60	120	8.04980143823e-05	1.43820741827e-05	0.004329004329
snp9	snp16	60	120	0.0138858457493	0.000911369332422	0.0350877192982
snp9	snp17	59	118	0.00432474753652	0.00457367009567	0.137541528239
snp9	snp18	60	120	0.0138858457493	0.00461380724539	0.0789473684211
snp9	snp19	60	120	0.00062656641604	0.000121787845573	0.0196078431373
snp9	snp20	59	118	0.00239362252821	0.000481079749372	0.0255255255255
snp9	snp21	60	120	0.0178571428571	0.000220458553792	0.0277777777778
snp9	snp22	60	120	0.0026582652358	0.00174023097611	0.047619047619
snp9	snp23	59	118	0.00906938821413	0.000481079749372	0.0255255255255
snp9	snp24	59	118	0.000184146092634	0.000162422960759	0.0236406619385
snp9	snp25	59	118	0.0115620575743	0.00706415428816	0.094298245614
snp9	snp26	60	120	0.013367281986	0.00112420368905	0.041095890411
snp9	snp27	60	120	0.0112887424296	0.000895305243131	0.0579710144928
snp9	snp28	58	116	8.33176050099e-05	2.09541851709e-05	0.00748663101604
snp9	snp29	60	120	0.010768126346	0.000501253132832	0.0666666666667
snp9	snp30	60	120	0.00109082094376	7.7936248149e-05	0.010989010989
snp9	snp31	58	116	0.00379110251451	0.000615384615385	0.072
snp9	snp32	60	120	0.00607638888889	8.2671957672e-05	0.0277777777778
snp9	snp33	59	118	0.00215297704448	0.000704902559547	0.0332530120482
snp9	snp34	59	118	0.00285395763657	0.00055060868069	0.0634920634921
snp9	snp35	60	120	0.0303869339689	0.0052148180227	0.195402298851
snp9	snp36	60	120	0.003815175922	0.0022946653771	0.135802469136
snp9	snp37	59	118	0.000752780824064	0.000108092249014	0.0288065843621
snp9	snp38	60	120	0.00775694893342	0.00124697997038	0.102564102564
snp9	snp39	59	118	0.00317581300813	0.00198400439364	0.125925925926
snp9	snp40	59	118	0.00513891119319	0.000961002517827	0.0406504065041
snp9	snp41	60	120	0.00234962406015	0.00176366843034	0.111111111111
snp9	snp42	59	118	0.000284372291692	0.000746306946718	0.0634920634921
snp10	snp11	59	118	0.957247896127	0.955805243446	1
snp10	snp12	59	118	0.873152378393	0.869459218297	0.953761755486
snp10	snp13	60	120	0.885749278278	0.878787878788	1
snp10	snp14	58	116	0.456381927836	0.479734219269	0.72380952381
snp10	snp15	60	120	0.000489987913631	0.000100674519279	0.012987012987
snp10	snp16	60	120	0.00200053347559	0.00159489633174	0.0909090909091
snp10	snp17	59	118	0.0277480047314	0.014061075875	0.268217054264
snp10	snp18	60	120	0.00200053347559	0	0
snp10	snp19	60	120	0.0207644715654	0.00464147011462	0.137254901961
snp10	snp20	59	118	0.00982844351553	0.00228017273472	0.106060606061
snp10	snp21	60	120	0.00679347826087	0.00154320987654	0.0833333333333
snp10	snp22	60	120	0.0112366284122	0.000906070673513	0.0697674418605
snp10	snp23	59	118	0.00357380971057	0.00228017273472	0.106060606061
snp10	snp24	59	118	0.014449019042	0.00600475840212	0.163120567376
snp10	snp25	59	118	0.00365720973184	0.000171356421356	0.0166666666667
snp10	snp26	60	120	0.000415132980932	0.000874380647042	0.063829787234
snp10	snp27	60	120	0.00650547544183	0.00352526439483	0.130434782609
snp10	snp28	58	116	0.017674685166	0.00843091334895	0.171428571429
snp10	snp29	60	120	0.0163862792222	0.0113684210526	0.36
snp10	snp30	60	120	0.00295101318119	0.00490998363339	0.230769230769
snp10	snp31	58	116	0.0070303030303	0.0118681318681	0.36
snp10	snp32	60	120	0.012077294686	0.00925925925926	0.333333333333
snp10	snp33	59	118	0.000253353204173	0.00303708240117	0.186206896552
snp10	snp34	59	118	0.00359686494309	0.00939454064454	0.297619047619
snp10	snp35	60	120	0.0518411059436	0.0365037261589	0.586206896552
snp10	snp36	60	120	0.000645078054445	0.0065047125979	0.259259259259
snp10	snp37	59	118	0.00140304922282	0.00746167412834	0.271604938272
snp10	snp38	60	120	0.0118040527248	0.0136388434261	0.384615384615
snp10	snp39	59	118	0.0048512791853	0.0152520288127	0.397190293742
snp10	snp40	59	118	0.00171821573136	0.00283755104234	0.180555555556
snp10	snp41	60	120	0.0205949656751	0.0123456790123	0.333333333333
snp10	snp42	59	118	0.000204256091749	0.00827841422354	0.235185185185
snp11	snp12	58	116	0.871779141104	0.868733850129	0.953488372093
snp11	snp13	59	118	0.842285119215	0.834302876145	0.954263565891
snp11	snp14	57	114	0.45045069347	0.477003484321	0.721951219512
snp11	snp15	59	118	0.00261737672266	0.00186469344609	0.056
snp11	snp16	59	118	0.00081609538003	5.63063063063e-05	0.0166666666667
snp11	snp17	58	116	0.00966452102863	0.00747238418397	0.190697674419
snp11	snp18	59	118	0.000288524590164	5.63063063063e-05	0.0166666666667
snp11	snp19	59	118	0.010077847168	0.00454590017825	0.134666666667
snp11	snp20	58	116	0.00103967967555	0.000236864771748	0.0333333333333
snp11	snp21	59	118	0.0227515713082	6.49350649351e-05	0.0166666666667
snp11	snp22	59	118	0.00138836104006	7.51703077284e-06	0.00355555555556
snp11	snp23	58	116	0.000114563070477	0.000236864771748	0.0333333333333
snp11	snp24	58	116	0.00306536183582	0.00214606534767	0.0950354609929
snp11	snp25	58	116	0.00205892793752	0.000429000429	0.027027027027
snp11	snp26	59	118	0.00208772290457	4.08641403547e-06	0.00281690140845
snp11	snp27	59	118	0.000255634098206	0.000769012589665	0.0594202898551
snp11	snp28	57	114	0.00592561460609	0.00378604446401	0.111688311688
snp11	snp29	59	118	0.0197066177286	0.0125910720104	0.370666666667
snp11	snp30	59	118	0.00450220420414	0.00571665653187	0.24358974359
snp11	snp31	57	114	0.00946766561514	0.0131934270802	0.371034482759
snp11	snp32	59	118	0.0149918387623	0.010326670965	0.344444444444
snp11	snp33	58	116	0.000781144781145	0.003663003663	0.2
snp11	snp34	58	116	0.000560846076367	0.0106337460989	0.309523809524
snp11	snp35	59	118	0.0591298261704	0.0390757634462	0.593103448276
snp11	snp36	59	118	0.00140304922282	0.00746167412834	0.271604938272
snp11	snp37	58	116	0.00252351309072	0.00853261588389	0.283950617284
snp11	snp38	59	118	0.014903998138	0.015022296544	0.394871794872
snp11	snp39	58	116	0.00692951015532	0.016784574837	0.407407407407
snp11	snp40	58	116	0.000951183548803	0.00344062464892	0.194444444444
snp11	snp41	59	118	0.0248367527886	0.0137884527089	0.344444444444
snp11	snp42	58	116	0.000871811430417	0.00966623600345	0.248148148148
snp12	snp13	59	118	0.773499188973	0.760860974308	0.952129817444
snp12	snp14	57	114	0.451835725827	0.468073274581	0.715828832572
snp12	snp15	59	118	0.000252004608084	0.00475860321086	0.0898366606171
snp12	snp16	59	118	0.000907256291106	0.000175273518939	0.0311986863711
snp12	snp17	58	116	0.0247280953624	0.00878048780488	0.219512195122
snp12	snp18	59	118	0.000907256291106	0.000776835541003	0.0362976406534
snp12	snp19	59	118	0.0172123872652	0.00173371236876	0.0865587614356
snp12	snp20	58	116	0.00188434048083	0.000429000429	0.027027027027
snp12	snp21	59	118	0.00351856193171	0.00277436188273	0.115442278861
snp12	snp22	59	118	0.00905017237355	9.94082509094e-06	0.00756938603869
snp12	snp23	58	116	0.00205892793752	0.000429000429	0.047619047619
snp12	snp24	58	116	0.0115326493279	0.00260824204486	0.111111111111
snp12	snp25	58	116	0.00217717717718	0.00175438596491	0.0526315789474
snp12	snp26	59	118	2.50773816348e-05	5.77926623369e-06	0.00536398467433
snp12	snp27	59	118	0.00739712201062	0.0018428782633	0.095785440613
snp12	snp28	57	114	0.00650364203954	0.00412532160562	0.123689727463
snp12	snp29	59	118	0.0140294182853	0.0106666999954	0.348965517241
snp12	snp30	59	118	0.00183770526543	0.00435650800356	0.2175066313
snp12	snp31	57	114	0.00525335173502	0.0111120235918	0.348571428571
snp12	snp32	59	118	0.00996735504932	0.00861725484377	0.32183908046
snp12	snp33	58	116	1.48726529095e-05	0.00256885971172	0.171428571429
snp12	snp34	58	116	0.00240464344942	0.00865800865801	0.285714285714
snp12	snp35	59	118	0.0475157930939	0.0356026162637	0.579072532699
snp12	snp36	59	118	0.00019425667985	0.00587383113536	0.246487867178
snp12	snp37	58	116	0.000676227119039	0.00679705923152	0.259259259259
snp12	snp38	59	118	0.00957500026054	0.0128809838814	0.37400530504
snp12	snp39	58	116	3.66485622769e-06	0.0144002896812	0.386243386243
snp12	snp40	58	116	0.00276585598474	0.0024154589372	0.166666666667
snp12	snp41	59	118	0.017681633577	0.0115059936834	0.32183908046
snp12	snp42	58	116	2.78715475773e-35	0.00740740740741	0.222222222222
snp13	snp14	58	116	0.415460700053	0.428713151927	0.654761904762
snp13	snp15	60	120	0.00493872324858	4.63923333355e-05	0.00826446280992
snp13	snp16	60	120	0.00896174593574	0.00181488203267	0.0909090909091
snp13	snp17	59	118	0.0439317544998	0.014088794926	0.251585623679
snp13	snp18	60	120	0.00896174593574	1.49990250634e-05	0.00826446280992
snp13	snp19	60	120	0.0400100407513	0.00584467124726	0.144385026738
snp13	snp20	59	118	0.0210849140784	0.00259671436142	0.106060606061
snp13	snp21	60	120	0.00402414486922	5.80517821897e-05	0.0151515151515
snp13	snp22	60	120	0.0221688504563	0.00103104593882	0.0697674418605
snp13	snp23	59	118	0.0119725533908	0.00259671436142	0.106060606061
snp13	snp24	59	118	0.0293137337515	0.00683836015677	0.163120567376
snp13	snp25	59	118	0.0114442810901	0.00010051867637	0.011961722488
snp13	snp26	60	120	0.00111041807817	8.22301548942e-06	0.00373599003736
snp13	snp27	60	120	0.0163926200595	0.00401150775963	0.130434782609
snp13	snp28	58	116	0.0372601899882	0.0110819332781	0.18357771261
snp13	snp29	60	120	0.00743152381626	0.00742451740637	0.272727272727
snp13	snp30	60	120	0.000245818804228	0.00271408708679	0.160839160839
snp13	snp31	58	116	0.00181646493261	0.00791470434328	0.275
snp13	snp32	60	120	0.00402414486922	0.00557297109021	0.242424242424
snp13	snp33	59	118	0.000546969819565	0.00132283070768	0.115
snp13	snp34	59	118	0.000951462286812	0.00660045836516	0.233766233766
snp13	snp35	60	120	0.0580578663344	0.047040949538	0.623824451411
snp13	snp36	60	120	5.37348721409e-05	0.00405613420074	0.191919191919
snp13	snp37	59	118	2.5317595166e-05	0.00485919309449	0.205387205387
snp13	snp38	60	120	0.00461593087939	0.00948647830526	0.300699300699
snp13	snp39	59	118	0.00114944724642	0.0111031840683	0.31712962963
snp13	snp40	59	118	0.00623493350558	0.00111503015133	0.106060606061
snp13	snp41	60	120	0.0132373186487	0.00940438871473	0.272727272727
snp13	snp42	59	118	0.00151968757888	0.00191730794313	0.106060606061
snp14	snp15	58	116	0.00378830854376	0.00206503436035	0.0565068493151
snp14	snp16	58	116	0.00708576611303	0.00117431758057	0.0434027777778
snp14	snp17	57	114	4.35785626156e-05	7.98894330247e-06	0.00581395348837
snp14	snp18	58	116	0.00708576611303	0.0054788961039	0.09375
snp14	snp19	58	116	0.0026349217871	0.00172556201968	0.0759803921569
snp14	snp20	57	114	0.00350007030821	0.000677561767501	0.0330357142857
snp14	snp21	58	116	0.0185819013548	1.83545511945e-06	0.0018115942029
snp14	snp22	58	116	0.000161781620091	0.00206503436035	0.0565068493151
snp14	snp23	57	114	0.00381775184892	0.000677561767501	0.0330357142857
snp14	snp24	57	114	0.000306669944571	5.85745377936e-05	0.0146276595745
snp14	snp25	57	114	0.00478765323993	0.00800304878049	0.109375
snp14	snp26	58	116	0.00844525247786	0.00165190960751	0.054347826087
snp14	snp27	58	116	0.000277141548328	0.000739426205265	0.054347826087
snp14	snp28	56	112	0.00362599412852	0.000116699731591	0.0175438596491
snp14	snp29	58	116	0.00471375572852	0.00595507677709	0.244791666667
snp14	snp30	58	116	0.00217360041089	0.00176870748299	0.13
snp14	snp31	56	112	0.0108695652174	0.0189393939394	0.416666666667
snp14	snp32	58	116	0.0016843878303	0.00423261871368	0.211956521739
snp14	snp33	57	114	9.89863794742e-06	0.000647752299521	0.0806451612903
snp14	snp34	57	114	0.00367472135894	0.00525651808242	0.208333333333
snp14	snp35	58	116	0.0178746188214	0.0150766272418	0.352678571429
snp14	snp36	58	116	0.00129085317886	0.00294057794058	0.163461538462
snp14	snp37	57	114	0.00110028173304	0.000192547543919	0.0408653846154
snp14	snp38	58	116	0.00217360041089	0.00176870748299	0.13
snp14	snp39	57	114	0.00899666685498	0.0114335930837	0.314903846154
snp14	snp40	57	114	0.00264260695522	0.000492349643993	0.070652173913
snp14	snp41	58	116	0.0159404249937	0.0060393475572	0.223214285714
snp14	snp42	57	114	0.0179549005279	0.0059630397389	0.185714285714
snp15	snp16	60	120	0.786013560541	0.76377133493	0.889840881273
snp15	snp17	59	118	0.603909635559	0.665493833072	0.846504065041
snp15	snp18	60	120	0.707332924643	0.76377133493	0.889840881273
snp15	snp19	60	120	0.664852087645	0.695659125862	0.959555106168
snp15	snp20	59	118	0.768109719344	0.793636425215	0.924066924067
snp15	snp21	60	120	0.428531179564	0.444780026175	0.728682170543
snp15	snp22	60	120	0.759351435653	0.794364920899	0.891271519178
snp15	snp23	59	118	0.713656778226	0.761631144887	0.888749214331
snp15	snp24	59	118	0.676051345788	0.707916404737	0.920858484239
snp15	snp25	59	118	0.700071616894	0.757024410885	0.886392811297
snp15	snp26	60	120	0.710645762484	0.73980375599	0.923542529468
snp15	snp27	60	120	0.610871394017	0.647771680128	0.849151477058
snp15	snp28	58	116	0.476547155416	0.402202173676	0.814474210316
snp15	snp29	60	120	0.00228414801279	0.00198699709104	0.0649350649351
snp15	snp30	60	120	0.00816247437541	0.000830935516735	0.040959040959
snp15	snp31	58	116	0.00396553393359	0.00171128742557	0.0594594594595
snp15	snp32	60	120	0.00450788880541	0.000302023557838	0.025974025974
snp15	snp33	59	118	0.000129916997474	0.00227719837227	0.0684210526316
snp15	snp34	59	118	0.000868232745912	0.00553020794881	0.100952380952
snp15	snp35	60	120	0.0039291036055	0.000609883872571	0.0326914464845
snp15	snp36	60	120	0.00487574323315	0.00304080349092	0.0764790764791
snp15	snp37	59	118	0.00165244336711	0.0101398184105	0.137426900585
snp15	snp38	60	120	0.00122726082862	0.00504245877823	0.100899100899
snp15	snp39	59	118	0.00144902335826	4.55588052487e-05	0.00938271604938
snp15	snp40	59	118	0.00327881450363	0.000404935210366	0.0296052631579
snp15	snp41	60	120	0.00059314326387	0.000100674519279	0.012987012987
snp15	snp42	59	118	0.00990127392988	0.0182139230325	0.148629148629
snp16	snp17	59	118	0.711032364211	0.75941947893	0.887619047619
snp16	snp18	60	120	0.824419436185	0.861610311119	0.928229665072
snp16	snp19	60	120	0.689125677179	0.722585934728	0.9604743083
snp16	snp20	59	118	0.803127047014	0.826516199074	0.925832809554
snp16	snp21	60	120	0.507285276074	0.57062400319	0.810606060606
snp16	snp22	60	120	0.876772101322	0.895043200929	0.963280293758
snp16	snp23	59	118	0.829521052632	0.860290433386	0.927518427518
snp16	snp24	59	118	0.777375126088	0.800442768768	0.961349492303
snp16	snp25	59	118	0.821269229973	0.85759668595	0.926065162907
snp16	snp26	60	120	0.814837956364	0.833281967538	0.962640099626
snp16	snp27	60	120	0.638901213225	0.676991324589	0.85257985258
snp16	snp28	58	116	0.488696166292	0.422121461466	0.818891491023
snp16	snp29	60	120	0.00493263865339	0.00125912868295	0.0526315789474
snp16	snp30	60	120	0.0133387002748	0.000383714829404	0.0283400809717
snp16	snp31	58	116	0.00783772418058	0.00101173118057	0.0465753424658
snp16	snp32	60	120	0.0081799591002	7.47607655502e-05	0.0131578947368
snp16	snp33	59	118	0.000155573966676	0.0014703675919	0.056
snp16	snp34	59	118	3.55072463768e-05	0.0041262041262	0.0888030888031
snp16	snp35	60	120	0.00145697995749	0.000219381344608	0.0199637023593
snp16	snp36	60	120	0.0214086763394	1.71494229219e-05	0.00584795321637
snp16	snp37	59	118	0.000287650319204	0.00820626402022	0.125925925926
snp16	snp38	60	120	0.00355328540099	0.00379016280472	0.0890688259109
snp16	snp39	59	118	0.0147	8.00000800001e-06	0.00673400673401
snp16	snp40	59	118	0.00632512308833	0.00012370113805	0.0166666666667
snp16	snp41	60	120	0.00242169841782	0.00159489633174	0.0909090909091
snp16	snp42	59	118	0.017138043103	0.0150036337456	0.137426900585
snp17	snp18	59	118	0.711032364211	0.75941947893	0.887619047619
snp17	snp19	59	118	0.581578468867	0.626186830647	0.880687563195
snp17	snp20	58	116	0.689579699737	0.723703847256	0.850707850708
snp17	snp21	59	118	0.409963005328	0.510975136652	0.768096953816
snp17	snp22	59	118	0.760007616426	0.791637728881	0.92325203252
snp17	snp23	58	116	0.712855553411	0.757227850888	0.886497064579
snp17	snp24	58	116	0.694389308334	0.730515515859	0.920302301615
snp17	snp25	58	116	0.698946009439	0.752364569961	0.884
snp17	snp26	59	118	0.699045939734	0.732125116515	0.887225230965
snp17	snp27	59	118	0.539593994763	0.582888215911	0.777498428661
snp17	snp28	57	114	0.359328746486	0.341190895056	0.726509396242
snp17	snp29	59	118	0.00383622628999	0.00663219138118	0.118933333333
snp17	snp30	59	118	0.0110413702821	0.00420004666719	0.0923076923077
snp17	snp31	57	114	0.00624143835616	0.00618512573569	0.113333333333
snp17	snp32	59	118	0.00660390230591	0.00301061080873	0.0822222222222
snp17	snp33	58	116	3.18979266348e-05	0.0072236129379	0.122162162162
snp17	snp34	58	116	0.000136342894031	0.0119485484251	0.148727984344
snp17	snp35	59	118	0.00188581023862	0.00343127626153	0.0777011494253
snp17	snp36	59	118	0.0182103070163	0.0023686792679	0.0676543209877
snp17	snp37	58	116	2.05426378883e-05	0.0109923571146	0.140740740741
snp17	snp38	59	118	0.00261820319127	0.011511757538	0.152820512821
snp17	snp39	58	116	0.0121960020206	0.00175327723642	0.0583460172501
snp17	snp40	58	116	0.0149367517506	0.00336672075803	0.0855855855856
snp17	snp41	59	118	0.0016846116779	7.51703077284e-06	0.00355555555556
snp17	snp42	59	118	0.0105595392201	0.0220335707233	0.16962962963
snp18	snp19	60	120	0.761238474509	0.722585934728	0.9604743083
snp18	snp20	59	118	0.803127047014	0.826516199074	0.925832809554
snp18	snp21	60	120	0.448691526074	0.518540669856	0.772727272727
snp18	snp22	60	120	0.876772101322	0.895043200929	0.963280293758
snp18	snp23	59	118	0.829521052632	0.860290433386	0.927518427518
snp18	snp24	59	118	0.854124377862	0.800442768768	0.961349492303
snp18	snp25	59	118	0.868405988076	0.893029472907	0.96253968254
snp18	snp26	60	120	0.814837956364	0.833281967538	0.962640099626
snp18	snp27	60	120	0.638901213225	0.676991324589	0.85257985258
snp18	snp28	58	116	0.439046560634	0.422121461466	0.818891491023
snp18	snp29	60	120	0.000308289915837	0.00609418282548	0.115789473684
snp18	snp30	60	120	1.38800210976e-05	0.0107205224786	0.14979757085
snp18	snp31	58	116	0.000950896722325	0.00565743272338	0.110136986301
snp18	snp32	60	120	0.00115030674847	0.00269138755981	0.0789473684211
snp18	snp33	59	118	0.0019478965295	0.00663219138118	0.118933333333
snp18	snp34	59	118	3.55072463768e-05	0.0111154986155	0.145752895753
snp18	snp35	60	120	0.00813982191129	0.00304776892799	0.0744101633394
snp18	snp36	60	120	0.00174764704811	0.00207508017355	0.0643274853801
snp18	snp37	59	118	0.00484782421617	0.0175583130622	0.184197530864
snp18	snp38	60	120	1.38800210976e-05	0.0107205224786	0.14979757085
snp18	snp39	59	118	0.00415648148148	0.0015125015125	0.0550550550551
snp18	snp40	59	118	0.000686909674237	0.00301061080873	0.0822222222222
snp18	snp41	60	120	0.00242169841782	0	0
snp18	snp42	59	118	0.000345257559286	0.0397487621493	0.223684210526
snp19	snp20	59	118	0.730344324809	0.746122633329	0.960561497326
snp19	snp21	60	120	0.307078460039	0.409633418585	0.673913043478
snp19	snp22	60	120	0.741738909645	0.755538579068	1
snp19	snp23	59	118	0.690060468632	0.719852464804	0.959972862958
snp19	snp24	59	118	0.750347353796	0.711890214881	0.889236545682
snp19	snp25	59	118	0.68044253921	0.716112968016	0.95928226363
snp19	snp26	60	120	0.659768985375	0.688413375564	0.888991674376
snp19	snp27	60	120	0.520934505841	0.553105869129	0.810964083176
snp19	snp28	58	116	0.519795014303	0.430282269724	0.728337236534
snp19	snp29	60	120	0.000146933497899	0.00971867007673	0.165217391304
snp19	snp30	60	120	2.64613267709e-05	0.00636665396964	0.130434782609
snp19	snp31	58	116	0.00056744732645	0.00886633366633	0.156363636364
snp19	snp32	60	120	0.000433181719731	0.00575447570332	0.130434782609
snp19	snp33	59	118	0.00179271708683	0.0102031625553	0.167058823529
snp19	snp34	59	118	0.0069234940353	0.0245736769003	0.245202558635
snp19	snp35	60	120	0.0126772607016	0.0110956157345	0.160419790105
snp19	snp36	60	120	0.00208814155402	0.010390089234	0.162640901771
snp19	snp37	59	118	0.00293376006207	0.0211161387632	0.228758169935
snp19	snp38	60	120	2.64613267709e-05	0.0145708891968	0.197324414716
snp19	snp39	59	118	0.000314940791131	0.00293595347736	0.0867882808181
snp19	snp40	59	118	0.00946008507962	0.00195135099985	0.0736714975845
snp19	snp41	60	120	0.000512978352314	0.00236809699725	0.0724637681159
snp19	snp42	59	118	0.00165723887131	0.0355902464674	0.239935587762
snp20	snp21	59	118	0.446251664519	0.48602593658	0.735595390525
snp20	snp22	59	118	0.84721536024	0.860191402955	0.962033462033
snp20	snp23	58	116	0.80294608522	0.824839667783	0.925064599483
snp20	snp24	58	116	0.747973436717	0.763514510892	0.92292358804
snp20	snp25	58	116	0.794353084486	0.821504849798	0.923533289387
snp20	snp26	59	118	0.782452479083	0.797174150435	0.925505050505
snp20	snp27	59	118	0.62182915171	0.642755208509	0.816313823163
snp20	snp28	57	114	0.51540087334	0.434803057025	0.819047619048
snp20	snp29	59	118	0.00197318325246	4.900935752e-06	0.00337837837838
snp20	snp30	59	118	0.00744913308527	0.000190747932683	0.0345454545455
snp20	snp31	57	114	0.00357954545455	5.45911125669e-06	0.00581395348837
snp20	snp32	59	118	6.58318216397e-05	0.000351401953233	0.0293772032902
snp20	snp33	58	116	0.000121119140862	2.07764865576e-05	0.00684931506849
snp20	snp34	58	116	0.000589571656539	0.00101724695982	0.0452674897119
snp20	snp35	59	118	0.00297298108922	0.00032955032955	0.0422077922078
snp20	snp36	59	118	0.0137078580412	0.000863340537254	0.0716783216783
snp20	snp37	58	116	0.00127711701693	0.0033986543703	0.0832455216017
snp20	snp38	59	118	0.00114321906421	0.000845420200259	0.0432432432432
snp20	snp39	58	116	0.00148472850679	0.00134895968229	0.0874125874126
snp20	snp40	58	116	0.00277294009898	0.000554188576924	0.061678463094
snp20	snp41	59	118	0.00560749028303	0.00544948104034	0.167711598746
snp20	snp42	58	116	0.011726338106	0.00827357970215	0.104247104247
snp21	snp22	60	120	0.500344589938	0.544447800262	0.806201550388
snp21	snp23	59	118	0.484744132657	0.537221341537	0.773367477593
snp21	snp24	59	118	0.440639505968	0.490863264695	0.713069908815
snp21	snp25	59	118	0.436211828772	0.507368965893	0.765873015873
snp21	snp26	60	120	0.451682845321	0.49553094336	0.716312056738
snp21	snp27	60	120	0.337593516209	0.379161770466	0.63768115942
snp21	snp28	58	116	0.266012276502	0.287384547028	0.627940128297
snp21	snp29	60	120	0.00235552763819	0.00175438596491	0.0666666666667
snp21	snp30	60	120	0.00859021493213	0.000613747954173	0.0384615384615
snp21	snp31	58	116	0.00447016881619	0.00138265681281	0.0585507246377
snp21	snp32	60	120	0.00390625	0.000289351851852	0.0277777777778
snp21	snp33	59	118	0.00319550631924	0.00748608788397	0.135774647887
snp21	snp34	59	118	0.00100971149041	0.00565140250486	0.109657947686
snp21	snp35	60	120	9.20019627085e-05	0.00309460654288	0.0804597701149
snp21	snp36	60	120	0.0156713649852	6.63746183459e-05	0.0123456790123
snp21	snp37	59	118	0.00257418865669	0.00686134852802	0.125925925926
snp21	snp38	60	120	0.00859021493213	0.000613747954173	0.0384615384615
snp21	snp39	59	118	0.00607945893506	0.000102573371977	0.0151278038602
snp21	snp40	59	118	0.00301523399213	0.000359179370777	0.0305164319249
snp21	snp41	60	120	0.0328947368421	0.00617283950617	0.166666666667
snp21	snp42	59	118	0.0140053948036	0.018945014143	0.169014084507
snp22	snp23	59	118	0.876792925485	0.894053292193	0.962916404777
snp22	snp24	59	118	0.824901976146	0.834826427772	1
snp22	snp25	59	118	0.870805307118	0.891919774095	0.962130937099
snp22	snp26	60	120	0.858601872937	0.867366675877	1
snp22	snp27	60	120	0.684300619918	0.706586420439	0.886863607794
snp22	snp28	58	116	0.533033798383	0.499035391904	0.907237105158
snp22	snp29	60	120	1.73160772851e-05	0.00763324802492	0.127272727273
snp22	snp30	60	120	0.00112576441275	0.00504245877823	0.100899100899
snp22	snp31	58	116	3.18979266348e-05	0.0072236129379	0.122162162162
snp22	snp32	60	120	0.000114863312658	0.00369978858351	0.0909090909091
snp22	snp33	59	118	0.00178324624979	0.00663219138118	0.118933333333
snp22	snp34	59	118	0.00573325443296	0.0133997785161	0.157142857143
snp22	snp35	60	120	0.0119635945296	0.00426300701246	0.0864308105687
snp22	snp36	60	120	0.00447251153916	0.00304080349092	0.0764790764791
snp22	snp37	59	118	0.00789527958957	0.0204010229073	0.194931773879
snp22	snp38	60	120	0.000377333778234	0.0128130157818	0.160839160839
snp22	snp39	59	118	0.00132654144115	0.0023686792679	0.0676543209877
snp22	snp40	59	118	1.83516409303e-05	0.00410823157184	0.094298245614
snp22	snp41	60	120	0.000544089375748	0.000100674519279	0.012987012987
snp22	snp42	59	118	0.00902149205961	0.0182139230325	0.148629148629
snp23	snp24	58	116	0.776948979355	0.798465526308	0.960903269296
snp23	snp25	58	116	0.823280833733	0.856279887168	0.925353925354
snp23	snp26	59	118	0.812928029069	0.831643791338	0.962227912932
snp23	snp27	59	118	0.640091094576	0.674008000095	0.85101010101
snp23	snp28	57	114	0.459466263847	0.434803057025	0.819047619048
snp23	snp29	59	118	0.00033302522836	0.0131906686745	0.170810810811
snp23	snp30	59	118	0.000450694529642	0.00949931384714	0.141372141372
snp23	snp31	57	114	6.22083981337e-05	0.0126380020389	0.165070422535
snp23	snp32	59	118	3.1328320802e-05	0.00797273337167	0.136261261261
snp23	snp33	58	116	0.000658938377059	0.00565743272338	0.110136986301
snp23	snp34	59	118	0.0103458185016	0.0214987714988	0.202702702703
snp23	snp35	59	118	0.0145015034212	0.00792076286071	0.120223671948
snp23	snp36	59	118	0.00334158121032	0.00649800649801	0.114114114114
snp23	snp37	58	116	0.0103484189416	0.0284195302755	0.234906139016
snp23	snp38	59	118	0.0011041589989	0.0195291635509	0.202702702703
snp23	snp39	58	116	0.000713931870502	0.00546665153407	0.104938271605
snp23	snp40	58	116	0.000115217328686	0.00858992294232	0.139269406393
snp23	snp41	59	118	0.00433639478443	0.00107214652669	0.0432432432432
snp23	snp42	58	116	0.00269323468415	0.0370656370656	0.216216216216
snp24	snp25	58	116	0.768646204054	0.795147397483	0.960151150807
snp24	snp26	59	118	0.74817617755	0.767248779965	0.891610532762
snp24	snp27	59	118	0.656180169128	0.676400160736	0.852269170579
snp24	snp28	57	114	0.46743214901	0.450975129719	0.788888888889
snp24	snp29	59	118	3.3917921399e-05	0.0110176677995	0.169014084507
snp24	snp30	59	118	1.95038227493e-05	0.00748608788397	0.135774647887
snp24	snp31	57	114	8.49300176654e-06	0.0123671497585	0.173913043478
snp24	snp32	59	118	0.000289118261382	0.0064582048991	0.132884262094
snp24	snp33	58	116	0.00259671436142	0.0116662165812	0.171428571429
snp24	snp34	58	116	0.0027351500772	0.0161717115606	0.190552871712
snp24	snp35	59	118	0.00672545612043	0.00565140250486	0.109657947686
snp24	snp36	59	118	0.00119852589468	0.0121952808432	0.169014084507
snp24	snp37	59	118	0.014592235842	0.0178910646396	0.199791340636
snp24	snp38	59	118	1.95038227493e-05	0.0166115337645	0.202253521127
snp24	snp39	58	116	0.00319736491882	0.0038083340581	0.0947603121516
snp24	snp40	58	116	0.00014379200047	0.00689995615296	0.135403726708
snp24	snp41	59	118	0.00398752293381	3.85290466201e-05	0.0136778115502
snp24	snp42	58	116	0.00149061829307	0.0436794705131	0.253118712274
snp25	snp26	59	118	0.884649093238	0.89649122807	1
snp25	snp27	59	118	0.626710236233	0.668564839617	0.848133848134
snp25	snp28	57	114	0.478328407908	0.45995310188	0.859836065574
snp25	snp29	59	118	0.000114080008112	0.00828738512949	0.130526315789
snp25	snp30	59	118	0.000804410313613	0.00555789557506	0.104251012146
snp25	snp31	57	114	1.01957585644e-06	0.00787470389711	0.125479452055
snp25	snp32	59	118	2.28235465966e-05	0.00410823157184	0.094298245614
snp25	snp33	58	116	0.0056277734273	0.00900577146431	0.133866666667
snp25	snp34	58	116	0.000505085221924	0.00891260441822	0.129129129129
snp25	snp35	59	118	0.0149966779265	0.00475860321086	0.0898366606171
snp25	snp36	59	118	0.00404833006385	0.00342941195072	0.0799220272904
snp25	snp37	58	116	0.0101242336569	0.0217615514482	0.198024691358
snp25	snp38	59	118	0.000751676748609	0.0137488369754	0.163967611336
snp25	snp39	58	116	0.000977170100122	0.00269986412309	0.0710710710711
snp25	snp40	58	116	3.36088135753e-06	0.00456227170967	0.0977777777778
snp25	snp41	59	118	0.000305777743263	0.000171356421356	0.0166666666667
snp25	snp42	58	116	7.40872451399e-05	0.0323263888889	0.194444444444
snp26	snp27	60	120	0.628030496642	0.651295764991	0.821322215605
snp26	snp28	58	116	0.410966085448	0.437272750595	0.788706739526
snp26	snp29	60	120	0.000783676498341	0.00861801837733	0.145205479452
snp26	snp30	60	120	0.00484171536705	0.00566749398118	0.114857744995
snp26	snp31	58	116	0.00188697788698	0.00799453962187	0.138285714286
snp26	snp32	60	120	0.00169743263314	0.00466336345089	0.109589041096
snp26	snp33	59	118	0.000686655985351	0.00918861357852	0.147777777778
snp26	snp34	59	118	0.00100971149041	0.0134252322445	0.169014084507
snp26	snp35	60	120	0.00370365974555	0.00428619913238	0.0930562116202
snp26	snp36	60	120	0.00299758040296	0.00339410122131	0.0867579908676
snp26	snp37	59	118	0.00207100044643	0.0206572368408	0.210905349794
snp26	snp38	60	120	0.00034851133814	0.0136242147628	0.178082191781
snp26	snp39	59	118	0.000690760389036	0.00856505950902	0.138236828378
snp26	snp40	59	118	0.0011941219954	0.00503702418885	0.112268518519
snp26	snp41	60	120	0.00452276458173	9.71534052269e-05	0.013698630137
snp26	snp42	59	118	0.0042975214295	0.0261944537254	0.191780821918
snp27	snp28	58	116	0.360079271279	0.371839106414	0.740685543964
snp27	snp29	60	120	0.00156643566962	0.00357474178984	0.0918918918919
snp27	snp30	60	120	1.12840071766e-05	0.00184821553924	0.0644490644491
snp27	snp31	58	116	0.000423801798554	0.00313690691155	0.0850704225352
snp27	snp32	60	120	0.000935162094763	0.00117508813161	0.0540540540541
snp27	snp33	59	118	0.00971373047313	0.00391862653639	0.0947945205479
snp27	snp34	59	118	0.00962424105716	0.00725069013112	0.122023809524
snp27	snp35	60	120	0.00687437441724	0.00125078535873	0.049394221808
snp27	snp36	60	120	0.000199797242798	0.00458663432015	0.0990990990991
snp27	snp37	59	118	0.00445697264872	0.0126078442669	0.161846778285
snp27	snp38	60	120	0.00288870583722	0.00715630595372	0.126819126819
snp27	snp39	59	118	6.75529615218e-06	0.000385372366049	0.0288065843621
snp27	snp40	59	118	0.00111480132529	0.00134935285037	0.0570776255708
snp27	snp41	60	120	5.46004551762e-35	0.00039169604387	0.0434782608696
snp27	snp42	59	118	4.61156923161e-05	0.0185278127351	0.158408408408
snp28	snp29	58	116	0.00552354781235	0.000699799131731	0.0491803278689
snp28	snp30	58	116	0.0147835604936	3.78637755687e-05	0.0111475409836
snp28	snp31	56	112	4.38596491228e-05	0.00387011881265	0.114942528736
snp28	snp32	58	116	0.00677667104103	1.68609508043e-05	0.00784034212402
snp28	snp33	57	114	0.00284384694933	0.000328710837185	0.0338983050847
snp28	snp34	57	114	0.000241363457244	0.0049728049728	0.123076923077
snp28	snp35	58	116	0.000349882716829	0.000853542880369	0.0491803278689
snp28	snp36	58	116	0.0380498437294	0.00302087711924	0.107692307692
snp28	snp37	57	114	0.000709313017207	0.0049728049728	0.123076923077
snp28	snp38	58	116	0.00587827808016	0.00231755130116	0.0872131147541
snp28	snp39	57	114	0.00908452890806	0.0003641966662	0.0338983050847
snp28	snp40	57	114	0.00362403839007	0.00328093482923	0.106200997862
snp28	snp41	58	116	0.00349037805742	9.93541977149e-05	0.016393442623
snp28	snp42	57	114	0.0098373434447	0.00434141809515	0.0922716627635
snp29	snp30	60	120	0.821414766138	0.856731845982	0.948936170213
snp29	snp31	58	116	0.757787009307	0.806443473011	0.898021978022
snp29	snp32	60	120	0.820770519263	0.852631578947	0.947368421053
snp29	snp33	59	118	0.760429022849	0.807292588739	0.898494623656
snp29	snp34	59	118	0.746205571026	0.775802013996	0.947555555556
snp29	snp35	60	120	0.504213905642	0.585106001077	0.841758241758
snp29	snp36	60	120	0.676602597558	0.728956800604	0.896774193548
snp29	snp37	59	118	0.726999349459	0.770045491677	0.945970695971
snp29	snp38	60	120	0.821414766138	0.856731845982	0.948936170213
snp29	snp39	59	118	0.765228037955	0.814464531884	0.948131868132
snp29	snp40	59	118	0.768825101006	0.801723379106	0.895390070922
snp29	snp41	60	120	0.578418407829	0.630035087719	0.893333333333
snp29	snp42	59	118	0.351306092769	0.479441093336	0.88487804878
snp30	snp31	58	116	0.738557943067	0.806443473011	0.898021978022
snp30	snp32	60	120	0.871794871795	0.903846153846	1
snp30	snp33	59	118	0.804546825723	0.856101701011	0.948695652174
snp30	snp34	59	118	0.789906802135	0.819080134841	0.949572649573
snp30	snp35	60	120	0.522422390863	0.623909021731	0.847844463229
snp30	snp36	60	120	0.823703962297	0.772979251359	0.900744416873
snp30	snp37	59	118	0.766742542231	0.814464531884	0.948131868132
snp30	snp38	60	120	0.868860178948	0.90421112126	0.950900163666
snp30	snp39	59	118	0.806042530001	0.85985710066	0.950126796281
snp30	snp40	59	118	0.817703549061	0.852016319683	0.947132616487
snp30	snp41	60	120	0.603715170279	0.668303327878	0.897435897436
snp30	snp42	59	118	0.505500140018	0.574435675377	0.944652908068
snp31	snp32	58	116	0.739922454357	0.803195289984	0.944577161968
snp31	snp33	57	114	0.675056818182	0.757483146067	0.893258426966
snp31	snp34	57	114	0.677384393064	0.725301993198	0.895172413793
snp31	snp35	58	116	0.50964371751	0.537622377622	0.789090909091
snp31	snp36	58	116	0.598204833142	0.679553677092	0.845333333333
snp31	snp37	57	114	0.698341456137	0.757483146067	0.893258426966
snp31	snp38	58	116	0.738557943067	0.806443473011	0.898021978022
snp31	snp39	57	114	0.677607009926	0.763884654671	0.896363636364
snp31	snp40	57	114	0.694450081169	0.750509635292	0.889855072464
snp31	snp41	58	116	0.593775593776	0.581538461538	0.84
snp31	snp42	57	114	0.273211555755	0.433458195339	0.826835443038
snp32	snp33	59	118	0.802589635854	0.852016319683	0.947132616487
snp32	snp34	59	118	0.801246549344	0.820668693009	1
snp32	snp35	60	120	0.531403336605	0.621542250853	0.89010989011
snp32	snp36	60	120	0.718100890208	0.771007566706	0.94623655914
snp32	snp37	59	118	0.777306738688	0.815984405458	1
snp32	snp38	60	120	0.871794871795	0.903846153846	1
snp32	snp39	59	118	0.812698412698	0.860520094563	1
snp32	snp40	59	118	0.816950823475	0.847561549572	0.945420906568
snp32	snp41	60	120	0.61769005848	0.668981481481	0.944444444444
snp32	snp42	59	118	0.375998106518	0.513911112072	0.940040650407
snp33	snp34	58	116	0.738199909543	0.774770943342	0.947272727273
snp33	snp35	59	118	0.475618004287	0.583359954673	0.840898876404
snp33	snp36	59	118	0.65781837786	0.727790425425	0.896263736264
snp33	snp37	58	116	0.711807913092	0.769041717177	0.945692883895
snp33	snp38	59	118	0.804546825723	0.856101701011	0.948695652174
snp33	snp39	58	116	0.744490061909	0.813613203276	0.947865168539
snp33	snp40	58	116	0.755496297231	0.800895295106	0.894927536232
snp33	snp41	59	118	0.559116051484	0.628428804171	0.892727272727
snp33	snp42	58	116	0.347578122947	0.498455181503	0.885432098765
snp34	snp35	59	118	0.402996281465	0.556201915094	0.763242375602
snp34	snp36	59	118	0.646205060657	0.696063724635	0.854320987654
snp34	snp37	58	116	0.687670366928	0.731334583331	0.85518102372
snp34	snp38	59	118	0.789906802135	0.819080134841	0.949572649573
snp34	snp39	58	116	0.73122291767	0.776345585334	0.902356902357
snp34	snp40	58	116	0.772210753156	0.808624427103	0.946296296296
snp34	snp41	59	118	0.539992661897	0.59645021645	0.808441558442
snp34	snp42	58	116	0.371723618748	0.504439484127	0.844642857143
snp35	snp36	60	120	0.499014277685	0.520400499266	0.7557997558
snp35	snp37	59	118	0.449882881729	0.546801816643	0.757201646091
snp35	snp38	60	120	0.617804697179	0.623909021731	0.847844463229
snp35	snp39	59	118	0.560972409657	0.662049947986	0.852684144819
snp35	snp40	59	118	0.496750964442	0.573714539007	0.836111111111
snp35	snp41	60	120	0.341666236248	0.501326259947	0.724137931034
snp35	snp42	59	118	0.159067010556	0.316139728619	0.652649285114
snp36	snp37	59	118	0.623444334079	0.688794421236	0.850380388842
snp36	snp38	60	120	0.712528700136	0.772979251359	0.900744416873
snp36	snp39	59	118	0.763776919741	0.732602223445	0.855921855922
snp36	snp40	59	118	0.670864848215	0.720632012145	0.893115942029
snp36	snp41	60	120	0.488052475402	0.560865525023	0.802469135802
snp36	snp42	59	118	0.398372050548	0.476984623326	0.840108401084
snp37	snp38	59	118	0.766742542231	0.814464531884	0.948131868132
snp37	snp39	58	116	0.705646137703	0.770888952911	0.899740708729
snp37	snp40	58	116	0.722059584839	0.76282071261	0.943961352657
snp37	snp41	59	118	0.533911626312	0.619183931882	0.805761316872
snp37	snp42	58	116	0.288465966333	0.435776414109	0.787837219936
snp38	snp39	59	118	0.806042530001	0.85985710066	0.950126796281
snp38	snp40	59	118	0.817703549061	0.852016319683	0.947132616487
snp38	snp41	60	120	0.603715170279	0.668303327878	0.897435897436
snp38	snp42	59	118	0.352612418602	0.509095358512	0.889305816135
snp39	snp40	58	116	0.760647078244	0.808624427103	0.946296296296
snp39	snp41	59	118	0.548539950439	0.630308580309	0.85101010101
snp39	snp42	58	116	0.328444523196	0.496428406291	0.840877914952
snp40	snp41	59	118	0.572735732595	0.619983457948	0.889513108614
snp40	snp42	58	116	0.411529829964	0.557173081322	0.941056910569
snp41	snp42	59	118	0.201308506439	0.342597211957	0.664227642276
